Prozess,Anforderungs-nummer,Bereits implementiert,Umsetzungskonzept,Abstimmung 14.04.2026,Anforderungstext,Funktionalität von Asneinl4Win,Besprechungsnotizen,Entscheidung,Schätzung in PT min ,Schätzung in PT max,Schätzung in PT min ,Schätzung in PT max,bereits gemacht ,Confidence Schulnote,,
G-SYS-AL,A-SYS-AL-03,X,,X,"A-SYS-AL-03: Die technologische Basis für die Datenhaltung im Asylverwaltungsprogramm soll schnelle Filter-, Auswahl- und Auswertungs-Operationen ermöglichen.",teilweise,BI oder Power BI (Business Intelligence -Softwarelösung für Datenbankanalyse),bereits entschieden,0,0,0,0,,,,
G-SYS-AL,A-SYS-AL-04,X,,X,"A-SYS-AL-04: Es muss jederzeit sichergestellt sein, dass mehrere Nutzer:innen gleichzeitig auf den gleichen Eintrag zugreifen können. Dabei dürfen keine Eingaben verloren gehen (kein Lost-Update).",x,,,2,3,2,3,,3,,
G-SYS-AL,A-SYS-AL-05,X,,X,A-SYS-AL-05: Das Asylverwaltungsprogramm muss entweder Citrix-zertifiziert oder web-basiert sein.,nein,,,0,0,0,0,,,,
G-SYS-AL,A-SYS-AL-06,,,X,"A-SYS-AL-06: Die Asylverwaltungsprogramm muss so gestaltet sein, dass auch nachträglich noch weitere Module integriert werden können und mit den vorhandenen Modulen kompatibel sind.",x,,,0,0,0,0,,,,
G-SYS-NF,A-SYS-NF-02,X,,X,"A-SYS-NF-02: Die Nutzer-Oberfläche soll sich der Größe des Fensters, in dem sie angezeigt wird, anpassen. Bedienelemente, die viel Text enthalten, sollen durch den/die Nutzer:in bei Bedarf in der Größe anpassbar sein.",teilweise,,machbar (Browserfenster mit React),0,0,0,0,,,,
G-SYS-NF,A-SYS-NF-03,X,,X,"A-SYS-NF-03: Es soll möglich sein, mehrere Module des Asylverwaltungsprogramms in verschiedenen Fenstern gleichzeitig nutzen zu können.",nein,,,0,0,0,0,,,,
G-SYS-NF,A-SYS-NF-04,X,,X,"A-SYS-NF-04: Wird aus einem Bewohner:innen-Eintrag heraus eine Detail-Ansicht geöffnet, etwa ein Anhang in einer Patientenakte, soll das Asylverwaltungsprogramm den Bewohner:innen-Eintrag im Hintergrund geöffnet halten.",x,,,0,0,0,0,,,,
G-SYS-HT,A-SYS-HT-01,,X,X,A-SYS-HT-01: Zu jedem Eintrag im Asylverwaltungsprogramm sollen alle Änderungen und Ergänzungen vollständig nachvollziehbar sein. Informationen zu einer Bewohner:in sollen nicht endgültig gelöscht oder überschrieben werden und von Nutzer:innen mit entsprechenden Berechtigungen immer noch einsehbar sein.,teilweise,Sehr schwer zu definieren was Asyl4win NICHT loggt ,Auditierung und Historisierungsversion die Eingebaut wird. Damit lässt sich das nachvollziehen. ,6,10,6,10,,4,,
G-SYS-RR,A-SYS-RR-01,,X,X,"A-SYS-RR-01: Das Asylverwaltungsprogramm muss über ein Rollen- und Rechtemodell verfügen, durch das sich der Zugriff der Nutzer:innen auf Module, Daten und Funktionen innerhalb des Systems steuern lässt.",x,,,5,7,5,7,,6,,
G-SYS-RR,A-SYS-RR-02,,X,X,"A-SYS-RR-02: Im Asylverwaltungsprogramm muss der Zugriff auf die Bewohner:innen-Daten weiterhin durch die Zugehörigkeit zu einer bestimmten AfA, der ADD, der ZRF oder dem MFFKI regelbar sein.",x,,,12,18,12,18,,3,,
G-SYS-RR,A-SYS-RR-03,,X,X,"A-SYS-RR-03: Im Asylverwaltungsprogramm muss es möglich sein, die Nutzer:innen je nach Modul unterschiedlich zu verrechten.",x,,,5,8,5,8,,2,,
G-SYS-RR,A-SYS-RR-05,,X,X,"A-SYS-RR-05: Die Daten, auf die ein:e Nutzer:in Zugriff hat, sollen nur von den Rechten der/des Nutzer:in abhängen und insbesondere nicht, von dem Modul des Asylverwaltungsprogramms, in dem sich der/die Nutzer:in gerade bewegt.",x,,,1,2,1,2,,,,
G-SYS-BÜ,A-SYS-BÜ-01,Teilweise,X,X,A-SYS-BÜ-01: Das Asylverwaltungsprogramm muss tabellarische Übersichten über die im System erfassten Bewohner:innen-Einträge darstellen können.,x,,,1,2,1,2,,2,,
G-SYS-BÜ,A-SYS-BÜ-02,,,"X
Es werden die Spalten wie in Asyl4Win abgebildet. 
ADD stellt eine Übersicht der benötigten Spalten bereit.",A-SYS-BÜ-02: Die tabellarischen Übersichten sollen alle strukturiert erfasste Daten (in Unterscheidung von der Freitext-Dokumentation - vgl. Abschnitt 4.1.8) als Spalten enthalten können.,x,,,8,10,8,10,,2,,
G-SYS-BÜ,A-SYS-BÜ-12,,X,X,"A-SYS-BÜ-12: Bewohner:innen, die zu vulnerablen Gruppen gehören (vgl. A-AU-SM-01) oder besonderen Schutzbedarf haben (vgl. A-KS-SC-07) sollen in der Bewohner:innen-Übersicht durch entsprechende Icons gekennzeichnet sein.",teilweise,"In der bewohnerübersicht nicht aber in der Detaillansicht wird es angezeigt. Unterscheidung ob das Icon was impliziert, was für andere Prozesse Auswirkungen hat. Alternativ eine farbliche Kennzeichnung? - ungünstig für Barrierefreiheit  ","Schreiben oder Icons? Falls Icons, müssen diese definiert werden was in der Detail- und Kurzansicht angezeigt wird. 
Lieferung von 5 Icons bis kommenden Mittwoch",2,3,2,3,,2,"2. A-SYS-BÜ-12: Icons- Vulnerabilität: Bis Mittwoch (6.5.2026) kommender Woche werden wir bis zu 5 allgemein verständliche Icons liefern, die hier verfügbar sein sollen.",
G-SYS-BÜ,A-SYS-BÜ-03,X,,X,A-SYS-BÜ-03: Die tabellarischen Bewohner:innen-Übersichten sollen durch einen Klick auf den Spaltenkopf sortierbar sein.,teilweise,,Ist gegeben ,0,0,0,0,,,,
G-SYS-BÜ,A-SYS-BÜ-04,X,,X,A-SYS-BÜ-04: Eine bereits nach einer Spalte sortierte tabellarische Übersicht soll sich in zweiter Ebene nach den Werten einer zweiten Spalte sortieren lassen.,nein,,,3,5,0,0,,5,,
G-SYS-BÜ,A-SYS-BÜ-05,X,,X,A-SYS-BÜ-05: Die tabellarischen Bewohner:innen-Übersichten müssen im Asylverwaltungsprogramm nach den Werten der angezeigten Spalten weiter filterbar sein. Mit der so gefilterten Ansicht muss dann innerhalb des Asylverwaltungsprogramms weitergearbeitet werden können.,nein,,,0,0,0,0,,,,
G-SYS-BÜ,A-SYS-BÜ-06,X,,X,"A-SYS-BÜ-06: Für jede tabellarische Übersicht, die Teil eines Prozesses ist, soll ist eine bestimmte Auswahl an dargestellten Bewohner:innen-Einträgen (Filter-Kriterien) und angezeigten Attributen (Spalten) vordefiniert sein.",x,,,0,0,0,0,,,,
G-SYS-BÜ,A-SYS-BÜ-08,,,X,"A-SYS-BÜ-08: Die aktuelle, tabellarische Bewohner:innen-Übersicht soll sich jederzeit als Datei exportieren lassen (.pdf und .xlsx).",,,,3,5,3,5,,4,,
G-SYS-BÜ,A-SYS-BÜ-11,,X,X,A-SYS-BÜ-11: In der Bewohner:innen-Übersicht soll die Gesamtanzahl der Mitglieder eines Familienverbands / einer Fluchtgemeinschaft als Attribut (Spalte) angezeigt werden können.,x,,,2,3,2,3,,3,,
G-SYS-VD,A-SYS-VD-01,,X (nur PDF),X (nur PDF),"A-SYS-VD-01: Für einen ausgewählten Bewohner:innen-Eintrag muss ein Vordruck aus einer Liste auswählbar sein, der dann mit Daten des Bewohners/der Bewohnerin ausgefüllt und als Datei (.docx und .pdf) exportiert oder direkt aus dem Asylverwaltungsprogramm heraus ausgedruckt wird.",x,,,2,3,2,3,,2,,
G-SYS-VD,A-SYS-VD-02,,X,X,"A-SYS-VD-02: Alternativ zur (aktiven) Menü-Auswahl durch den/die Nutzer:in muss das in A-SYS-VD-01 beschriebene, automatische Ausfüllen eines Vordruck mit Bewohner:innen-Daten auch fester Schritt in einem Prozess sein können. In diesem Fall ist die der auszufüllende Vordruck als Teil des Prozesses festgelegt.",X,,,1,2,1,2,,2,,
G-SYS-VD,A-SYS-VD-03,X,,X,A-SYS-VD-03: Für einen bestimmten Vordruck müssen Übersetzungen in unterschiedliche Muttersprachen auswählbar sein (sowohl A-SYS-VD-01 als auch A-SYS-VD-02).,teilweise,,,0,0,0,0,,,,
G-SYS-VD,A-SYS-VD-04,X,,X,A-SYS-VD-04: Die für einen Vordruck vorausgewählte Muttersprache soll sich an den Sprachkenntnissen des Bewohner:innen-Eintrags orientieren.,nein,,,1,2,0,0,,3,,
G-SYS-VD,A-SYS-VD-05,,X (im PDF),X (im PDF),"A-SYS-VD-05: Es soll die Möglichkeit bestehen, auf Vordrucken Unterschriftenfelder vorzusehen, die in Prozessen für eine:n konkrete:n Bewohner:in auch unter Verwendung eines Unterschriftenpads unterschrieben werden können (vgl. A-SL-EA-14).",teilweise,,passt auf nur PDF Version geeinigt ,3,7,3,7,,6,,
G-SYS-VD,A-SYS-VD-06,X,,X,A-SYS-VD-06: Neue Vordrucke müssen durch Nutzer:innen erstellt und dann im Asylverwaltungsprogramm genutzt werden können.,nein,,,0,0,0,0,,,,
G-SYS-VD,A-SYS-VD-07,X,,X,A-SYS-VD-07: Neue Übersetzungen von Vordrucken in andere Sprachen müssen durch Nutzer:innen erstellt und dann im Asylverwaltungsprogramm genutzt werden können.,nein,,,0,0,0,0,,,,
G-SYS-TV,A-SYS-TV-01,X,,X,A-SYS-TV-01: Zu jeder Bewohnerin/jedem Bewohner müssen sich beliebig viele Termineinträge anlegen lassen.,x,,,0,0,0,0,,,,
G-SYS-TV,A-SYS-TV-02,X,,X,A-SYS-TV-02: Jeder Termin muss einen Titel und ein Freitext-Feld haben. Außerdem muss ein Termin genau einer aus einer Auswahl von vordefinierten Kategorien zugeordnet sein.,x,,,0,0,0,0,,,,
G-SYS-TV,A-SYS-TV-03,X,,X,A-SYS-TV-03: Die Auswahl an Terminkategorien soll durch Nutzer:innen mit entsprechenden Rechten anpassbar sein.,nein,,,0,0,0,0,,,,
G-SYS-TV,A-SYS-TV-04,X,,X,A-SYS-TV-04: Jedem Termin muss durch ein Freitextfeld weitere Informationen zugeordnet werden können.,x,,,0,0,0,0,,,,
G-SYS-TV,A-SYS-TV-05,X,,X,"A-SYS-TV-05: Jeder Termin muss sich mit einer ganzzahligen Prioritätsstufe (0-5) versehen lassen, die in jeder Darstellung des Termins farblich wiedergegeben wird.",nein,,,0,0,0,0,,,,
G-SYS-TV,A-SYS-TV-06,X,,X,"A-SYS-TV-06: Es müssen sich Terminübersichten über Termine einer bestimmten Auswahl von Kategorien für einen festlegbaren Zeitraum anzeigen lassen, für die Bewohner:innen entweder einer einzelnen AfA oder aller AfAs. Weiterhin muss es möglich sein, alle Termine für eine:n Bewohner:in anzuzeigen, zu sortieren und nach Kategorien zu filtern.",nein,,,1,2,0,0,,3,,
G-SYS-TV,A-SYS-TV-07,X,,X,"A-SYS-TV-07: Es soll möglich sein, eine Terminübersicht mit allen Terminen aufzurufen, die folgende Differenzierung ermöglicht: 1. Termin-Kategorie 2. AfA 3. Zeitraum",nein,,,1,2,0,0,,3,,
G-SYS-TV,A-SYS-TV-09,X,,X,A-SYS-TV-09: Jede Terminübersicht soll sich jederzeit in eine Datei (.pdf und .xlsx) exportieren lassen.,nein,,,1,2,0,0,,3,,
G-SYS-TV,A-SYS-TV-10,X,,X,"A-SYS-TV-10: Jeder Termin muss sich jederzeit bearbeiten lassen. Dabei müssen alle vorangehende genannten Eigenschaften eines Termins außer der Kategorie editierbar sein, insbesondere Datum und Uhrzeit (Terminverschiebung).",x,,,0,0,0,0,,,,
G-SYS-TV,A-SYS-TV-11,X,,X,"A-SYS-TV-11: Das Verschieben eines geöffneten Termins um eine Reihe von vorkonfigurierten Zeiträumen (bspw. Eine Woche, vierzehn Tage, ein Monat) soll sich mit nur einem Klick erledigen lassen.",nein,,,2,3,0,0,,3,,
G-SYS-TV,A-SYS-TV-12,X,,X,"A-SYS-TV-12: Das Asylverwaltungsprogramm muss für eine entsprechend gekennzeichnete Bewohner:innen-Gruppe und für feststehende Terminkategorien sicherstellen, dass stets mindestens einen Termin dieser Kategorie für jeden entsprechenden Bewohner/jede Bewohnerin in der Zukunft liegt.",nein,,,8,15,0,0,,6,,
G-SYS-FD,A-SYS-FD-01,,X,X,A-SYS-FD-01: Zu jedem Bewohner/jeder Bewohnerin müssen sich im Asylverwaltungsprogramm beliebig viele Freitext-Dokumentations-Einträge erfassen lassen.,x,,,2,3,2,3,X,2,,
G-SYS-FD,A-SYS-FD-02,,X,X,A-SYS-FD-02: Das Asylverwaltungsprogramm muss Änderungen an einem einmal erstellten Freitext-Dokumentationseintrag unterbinden.,x,,,1,1,1,1,X,1,,
G-SYS-FD,A-SYS-FD-04,,X,X,"A-SYS-FD-04: Mit einem Freitext-Dokumentations-(Folge)-Eintrag muss der/die verfassende Nutzer:in, die Rolle/der Bereich des/der verfassenden Nutzer:in, sowie der Zeitpunkt der Erstellung erfasst werden.",x,,,1,1,1,1,,1,,
G-SYS-FD,A-SYS-FD-05,,X,X,A-SYS-FD-05: Die neusten Dokumentations-Einträge bzw. die Dokumentations-Einträge mit den jüngsten Folge-Einträgen sollen in jeder Ansicht oben stehen.,teilweise,,Ist kein Aufwand wird so gemacht ,2,2,2,2,X,2,,
G-SYS-FD,A-SYS-FD-11,,X,X,A-SYS-FD-11: Der lesende und schreibende Zugriff auf die Freitext-Dokumentation muss durch die Rollen- und Rechteverwaltung regelbar sein (vgl. Abschnitt 4.1.9 und A-SYS-RR-01 und A-SYS-RR-02 im Kapitel 4.1.4).,x,,,0,0,0,0,,,,
G-SYS-FD,A-SYS-FD-12,,X,X,"A-SYS-FD-12: Es muss im Asylverwaltungsprogramm möglich sein, einem Dokumentations-Eintrag einen Hinweis beizufügen, der genau einer aus einer Reihe von Kategorien (z.B. Isolations-Pflicht) zugeordnet ist.",teilweise,,Freitexteintrag kann mit Hinweis versehen werden. ,2,3,1,2,,5,,
G-SYS-FD,A-SYS-FD-15,,X,X,A-SYS-FD-15: Jeder Hinweis zu jedem Bewohner muss von jeder Nutzerin/jedem Nutzer eingesehen werden können.,x,,,1,1,1,1,,2,,
G-SYS-FD,A-SYS-FD-16,,X,X,A-SYS-FD-16: Bestimmte Hinweise müssen durch das Asylverwaltungsprogramm in bestimmten Prozessen aktiv genutzt werden.,x,,,0,0,0,0,,,,
G-SYS-BA,A-SYS-BA-01,,X,X,"A-SYS-BA-01: Kommt ein Bewohner/eine Bewohnerin neu in eine AfA oder hat eine Bewohner:in einen bereits ausgestellten Bewohner:innen-Ausweis verloren, muss es möglich sein, mit Hilfe des Asylverwaltungsprogramms einen neuen Bewohner:innen-Ausweis auszustellen. Ein evtl. früher für diese Person ausgestellt Bewohner:innen-Ausweis muss dabei automatisch im Asylverwaltungsprogramm invalidiert werden.",x,,,1,2,1,2,,5,,
G-SYS-BA,A-SYS-BA-02,,X,X,"A-SYS-BA-02: Der Bewohner:innen-Ausweis müssen Vor- und Nachname sowie ein Lichtbild, Staatsangehörigkeit, Geburtsdatum, Aufnahmedatum, Personen-Nr. des Bewohners/der Bewohnerin aufweisen. Weiterhin muss der Bewohner:innen-Ausweis schnell maschienenlesbar sein, etwas durch QR- oder Bar-Code oder per NFC.",x,,,2,4,2,4,,4,,
G-SYS-BA,A-SYS-BA-03,,X,X,"A-SYS-BA-03: Wenn auf einen Datensatz eines Bewohners/einer Bewohnerin im Asylverwaltungsprogramm zugegriffen wird, muss dies (alternativ zur manuellen Suche nach dem entsprechenden Bewohner:innen-Eintrag) durch Scannen des Bewohner:innen-Ausweises in einem Schritt möglich sein.",x,,,2,3,2,3,,2,,
G-SYS-BA,A-SYS-BA-05,,X,X,"A-SYS-BA-05: Bei der Essensausgabe soll erfasst werden, wenn ein Essen an eine:n Bewohner:in ausgegeben wird. Dies wird der Leistungsakte (vgl. A-SYS-LA-01) hinzugefügt. Die Erfassung soll durch Scannen des Bewohner:innen-Ausweises (vgl. A-SYS-BA-03) oder durch manuelle Auswahl des Bewohner:innen-Eintrags erfolgen.",x,,,1,2,1,2,,,,
G-SYS-BA,A-SYS-BA-06,,X,X,A-SYS-BA-06: Das Asylverwaltungsprogramm soll mit den vorhandenen Kartendruckern insbesondere der Firma EVOLIS kompatibel sein.,x,,,0,0,0,0,,,,
G-SYS-ST,A-SYS-ST-01,,,X,"A-SYS-ST-01: Das Asylverwaltungsprogramm muss die Möglichkeit bieten, die strukturierten Bewohner:innen-Daten auszuwerten.",x,,,1,1,1,1,,6,,
G-SYS-ST,A-SYS-ST-02,,,X,"A-SYS-ST-02: Soll eine Statistik erstellt werden, dann soll das Asylverwaltungsprogramm die Möglichkeit bieten, die strukturiert erfassten Daten in beliebiger Art und Weise miteinander zu kombinieren.",teilweise,Siehe Power BI,Siehe Power BI,30,50,0,0,,6,Auf die ADD verschieben ,
G-SYS-ST,A-SYS-ST-03,,,X,"A-SYS-ST-03: Das Asylverwaltungsprogramm soll die Möglichkeit bieten, Vorlagen für Statistiken zu hinterlegen, aus denen dann die entsprechenden Statistiken mit möglichst geringem manuellen Aufwand jederzeit für einen bestimmten Zeitraum und ggf. für eine bestimmte AfA erstellt werden können.",x,,,0,0,0,0,,,,
G-SYS-BD,A-SYS-BD-01,,X,X,"A-SYS-BD-01: Wird vom Asylverwaltungsprogram eine Bewohner:innen-Übersicht angezeigt (vgl. Abschnitt 4.1.5 Bewohner:innen-Übersichten), so muss das Asylverwaltungsprogramm es ermöglichen durch einen Klick auf einen einzelnen Bewohner:innen-Eintrag der Übersicht eine Zusammenfassung der wichtigsten Daten zu dem/der Bewohner:in anzuzeigen. Diese Zusammenfassung muss den vollständigen Namen, das Geburtsdatum, das Lichtbild, die AfA und das Zimmer, das Herkunftsland, alle Mitglieder des Familienverbunds (vgl. AU-RE-14), die Sprach-Fähigkeiten sowie evtl. Hinweise (vgl. A-SYS-FD-12) umfassen. Ist die Personen für eine Verlegung (vgl. 4.2.4 Prozess: Verlegung planen (P-AU-VP)) oder für eine Verteilung (vgl. 4.2.6 Prozess: Landesinterne Verteilung planen (P-AU-LP)) eingeplant sein, muss diese Verteilungs- bzw. Verlegungsplanung angezeigt werden. Bei dieser Ansicht müssen Informationen ausgeblendet werden, auf die der/die Nutzer:in aufgrund seiner/ihrer Rolle und Rechte keinen Zugriff hat (vgl. Abschnitt 4.1.4 Rollen- und Rechteverwaltung).",x,,,8,10,8,10,,4,,
G-SYS-BD,A-SYS-BD-02,,X,X,"A-SYS-BD-02: Ist im Asylverwaltungsprogramm eine Zusammenfassung zu einem/einer Bewohner:in geöffnet, so muss es für den Nutzer möglich sein, eine Ansicht mit allen gespeicherten Daten zu diesem/dieser Bewohner:in zu öffnen, auf die der/die Nutzer:in aufgrund seiner/ihre Rechte und Rolle Zugriff hat (vgl. Abschnitt 4.1.4 Rollen- und Rechteverwaltung).",x,,,3,5,3,5,,4,,
P-AU-VR,A-AU-VR-01,X,,X,"A-AU-VR-01: Kommt ein:e Asylbewerber:in als Neuaufnahme in eine AfA, so muss das Asylverwaltungsprogramm die Datenerfassung zu Asylbegehrenden im Rahmen einer Vorregistrierung ermöglichen. Die erfassten Daten umfassen Name, Vorname, Titel/Namenszusätze, Geburtsdatum, Familienstand, Familien-Verbünde, Fluchtgemeinschaften, Staatsangehörigkeit und Sprachkenntnisse. Zusätzliche Informationen müssen sich in einem oder mehreren Freitextfeldern eintragen lassen.",,,,0,0,0,0,,,,
P-AU-VR,A-AU-VR-02,X,,X,"A-AU-VR-02: Führt die Asylbewerber:in Ausweisdokumente mit sich, so soll das Asylverwaltungsprogramm ermöglichen, diese zu erfassen.",teilweise,,,0,0,0,0,,,,
P-AU-VR,A-AU-VR-03,X,,X,"A-AU-VR-03: Wird eine Asylbewerber:in als neue Bewohner:in im Rahmen der Vorregistrierung erfasst, so soll im Asylverwaltungsprogramm für den neunen Bewohner:innen-Eintrag der Status ""Vorregistriert"" erfasst werden (vgl. A-AU-RE-19), nach dem auch gefiltert werden kann (vgl. A-SYS-BÜ-05).",,,,0,0,0,0,,,,
P-AU-RE,A-AU-RE-01,X,,X,"A-AU-RE-01: Wird der Prozess der Registrierung gestartet, müssen die während der Vorregistrierung im Asylverwaltungsprogramm erfassten Informationen (vgl. P-AU-VR) direkt zur Verfügung stehen, ohne dass Daten aus der Vorregistrierung manuell übertragen werden müssen.",,,,0,0,0,0,,,,
P-AU-RE,A-AU-RE-03,"X 
(ungetestet)","X 
(Test, Korrektur, Erweiterung)",X,"A-AU-RE-03: Das Asylverwaltungsprogramm muss es ermöglichen zu prüfen, ob im AZR Daten zur/zum Asylbegehrenden vorhanden sind und diese ggf. direkt aus dem AZR in das Asylverwaltungsprogramm zu übernehmen.",x,,,10,15,10,15,,5,,
P-AU-RE,A-AU-RE-02,"X 
(ungetestet)","X 
(Test, Korrektur, Erweiterung)",X,"A-AU-RE-02: Personenbezogene Daten aus dem PIK-Prozess müssen automatisiert über eine Schnittstelle aus dem AZR in die neue Software übernommen werden können, ohne das Daten manuell übertragen werden müssen.",x,,,0,0,0,0,,,,
P-AU-RE,A-AU-RE-05,X,,X,A-AU-RE-05: Widersprüche in den Personendaten aus verschiedenen Quellen müssen vom Asylverwaltungsprogramm System erkannt und angezeigt werden.,x,,,0,0,0,0,,,,
P-AU-RE,A-AU-RE-06,,"X 
(gehört nicht zur Registrierung)",X,"A-AU-RE-06: Erfolgt im AZR zu einem späteren Zeitpunkt (nach der abgeschlossenen Registrierung) eine Datenaktualisierung, soll automatisch eine Aktualisierung des Stammdaten-Datenbestands der jeweiligen Bewohner:in durchgeführt werden. Die automatischen Datenaktualisierungen sollen für die Nutzer:in kenntlich gemacht werden.",x,,,1,2,1,2,,3,,
P-AU-RE,A-AU-RE-11,X,,X,"A-AU-RE-11: Führen Asylsuchende Original-Dokumente (Reisepass, Geburtsurkunde, etc.) mit sich, muss es das Asylverwaltungsprogramm ermöglichen, diese einzuscannen und dem Bewohner:innen-Eintrag der Person anzuhängen.",,,,0,0,0,0,,,,
P-AU-RE,A-AU-RE-14,,X,X,"A-AU-RE-14: Bei der Registrierung von Personen muss es im Asylverwaltungsprogramm möglich sein, verschiedene Bewohner:innen zu einem Familienverbund zusammen zu fassen.",x,,,5,8,5,8,X,2,,
P-AU-RE,A-AU-RE-15,,X,X,"A-AU-RE-15: Bei der Registrierung von Personen muss es im Asylverwaltungsprogramm möglich sein, verschiedene Bewohner:innen zu Fluchtgemeinschaften zusammen zu fassen.",x,,,5,8,5,8,X,2,,
P-AU-RE,A-AU-RE-16,,X,X,"A-AU-RE-16: Während der Registrierung muss erfasst werden können, ob eine Person den Status einer Sonderaufnahme hat und zu welcher Gruppe von Sonderaufnahmen die Bewohner:in gehört (vgl. A-AU-RE-18).",x,,,3,5,3,5,X,3,,
P-AU-RE,A-AU-RE-17,,"X 
(gehört nicht zur Registrierung)",X,"A-AU-RE-17: Personen mit dem Status Sonderaufnahme sollen sich im Asylverwaltungsprogramm suchen und filtern lassen, auch nach Gruppe der Sonderaufnahme getrennt.",x,,,2,3,2,3,X,3,,
P-AU-RE,A-AU-RE-18,,"X 
(gehört nicht zu Registrierung)",X,"A-AU-RE-18: Durch eine:n berechtigte Nutzer:in sollen im Asylverwaltungsprogramm neue Gruppen von Sonderaufnahmen erstellt, bearbeitet und gelöscht werden können. Eine neue Gruppe von Sonderaufnahmen soll durch ihre Bezeichnung und eine Freitext-Beschreibung erfasst werden.",teilweise,"Sondergruppe eintragen, und austragen muss mit drinnen sein (nur Admin kann das) ","Sondergruppe eintragen, und austragen muss mit drinnen sein (nur Admin kann das) ",3,5,3,5,X,4,Ist gemacht ,
P-AU-RE,A-AU-RE-19,X,,X,"A-AU-RE-19: Durch den Abschluss der Registrierung soll die Bewohner:in im Asylverwaltungsprogramm aus dem Status „Vorregistriert"" in den Status ""Registriert"" überführt werden (vgl. A-AU-VR-03).",,,,0,0,0,0,,,,
G-AU-SM,A-AU-SM-01,Teilweise,X,X,A-AU-SM-01: Bewohner:innen müssen sich als vulnerable Personen unter der Angabe von Gründen für diese Einstufung kennzeichnen sowie im Asylverwaltungsprogramm suchen und selektieren lassen.,,,,2,3,0,0,,3,,
G-AU-SM,A-AU-SM-16,Teilweise,X,X,"A-AU-SM-16: Personen mit dem Status Sonderaufnahme müssen sich im Asylverwaltungsprogramm suchen und filtern lassen, auch nach Gruppe der Sonderaufnahme getrennt.",x,,,3,5,3,5,,2,,
G-AU-SM,A-AU-SM-17,Teilweise,X,X,"A-AU-SM-17: Durch eine berechtigte Benutzer:in müssen im Asylverwaltungsprogramm neue Gruppen von Sonderaufnahmen erstellt, bearbeitet und gelöscht werden können. Eine neue Gruppe von Sonderaufnahmen muss durch ihre Bezeichnung und eine Freitext-Beschreibung erfasst werden.",x,,,3,5,3,5,X,4,,
G-AU-SM,A-AU-SM-02,,X,X,A-AU-SM-02: Im Asylverwaltungsprogramm soll für Bewohnerinnen der vulnerablen Gruppe der Schwangeren der erwarteten Entbindungstermin vermerkt werden können.,x,,,2,3,2,3,,3,,
G-AU-SM,A-AU-SM-03,,X,X,A-AU-SM-03: Nachgeborene Kinder (in Deutschland geborene oder später nachgereiste Kinder) müssen sich im Asylverwaltungsprogramm erfassen und dem Familienverbund zuordnen lassen.,x,,,3,5,3,5,,3,,
G-AU-SM,A-AU-SM-04,,X,X,A-AU-SM-04: Nachgeborene Kinder sollen sich in zwei verschiedenen Kategorien einteilen lassen:,x,,,3,5,3,5,,4,,
G-AU-SM,A-AU-SM-05,,X,X,"A-AU-SM-05: Im Asylverwaltungsprogramm müssen sich Bewohner:innen als unbegleitete, minderjährige Ausländer erfassen lassen.",x,,,2,3,2,3,,3,,
G-AU-SM,A-AU-SM-06,,X,X,"A-AU-SM-06: Erfolgt durch das Landesjugendamt eine Unterbringungszuweisung für den/die UMA in eine Kommune, soll diese im Asylverwaltungsprogramm erfasst und ein entsprechendes Zuweisungs-Dokument des Landesjugendamts hinterleget werden können. Weiterhin sollen ein oder mehrere Bewohner:innen als Bezugspersonen mit dem Eintrag zu dem/der UMA erfasst werden können.",teilweise,Bezugspersonen können bezeichnet werden. Zuweisungen können nur als PDF hinterlegt werden. UMA und Bezugspersonen müssen bei der Verteilung betrachtet werden können,"PDF hinterlegen und 1-n Personennummern-Bezug als Bezugspersonen + Kommunen wo er verteilt werden soll (Physisch). Indikator UMA, oder ist Bezugsperson für UMA",3,5,3,5,,2,,
G-AU-SM,A-AU-SM-08,,X,X,"A-AU-SM-08: Ein Teil des Clearing-Verfahrens ist die Alterseinschätzung. Ergibt sich in diesem Prozess, dass es sich nicht um eine minderjährige Person handelt, muss der Status der Person als UMA (A-AU-SM-05) in eine volljährige Person geändert werden können.",x,,,2,3,2,3,,3,,
G-AU-SM,A-AU-SM-10,,X,X,"A-AU-SM-10: Im Asylverwaltungsprogramm muss der Verfahrensstand des beim BAMF durchgeführten Asylverfahrens eingetragen werden können. Mögliche Verfahrensstände sind: „Antrag gestellt"", „Anhörung"", „kurzfristige Entscheidung"" (ja/nein), „Abgeschlossen"". Ausgang des Verfahrens kann sein: „positiv"", „einfache Ablehnung"", „Dublin"" (ja/nein), „Unzulässig"", „offensichtlich unbegründet"".",x,,,3,5,3,5,,3,,
G-AU-SM,A-AU-SM-11,,X,X,"A-AU-SM-11: Wurde vom BAMF die Annahme eines Folgeantrags durch eine:n Bewohner:in bestätigt, muss das Asylverwaltungsprogramm die Möglichkeit bieten, den entsprechenden Bewohner:innen-Eintrag als Folgeantragsteller:in unter Angabe des Datums der Folgeantragstellung zu markieren. Bewohner:innen-Übersichten müssen nach Folgeantragstellenden gefiltert werden können (vgl. A-SYS-BÜ-05).",teilweise,Es gebt Checkboxen für Folgeantragsteller. Rest im Bemerkungsfeld. Es muss nachvollziehbar sein wann Erstantag und wann Folgeantrag gestellt worden ist. ,An Bewohnerdatensatz Checkbox mit Datum: Folgeantragsteller. Filter: Folgeantrag kann gewährleistet werden wenn es Teil einer Tabelle für ein Modul ist. ,2,3,1,2,,2,,
G-AU-SM,A-AU-SM-12,,X,X,"A-AU-SM-12: Ist eine Bewohner:in als Folgeantragstellende:r markiert, soll dies in Bewohner:innen-Übersicht (A-SYS-BÜ-01) im Status des/des Bewohner:in erkennbar sein.",x,,,2,3,2,3,,3,,
G-AU-SM,A-AU-SM-18,Teilweise,X,X,"A-AU-SM-18: Es muss im Asylverwaltungsprogramm für jede:n Bewohner:in möglich sein, die restliche Dauer der jeweilige Wohnpflicht nachzuhalten.",,,,2,3,0,0,,3,,
G-AU-SM,A-AU-SM-19,Teilweise,X,X,"A-AU-SM-19: Beim Einzug in die AfA unterliegen alle Bewohner:innen eine Wohnpflicht von derselben Dauer. Diese „Standard-Dauer"" muss im Asylverwaltungsprogramm durch Nutzer:innen mit entsprechenden Rechten konfiguriert werden können.",,,,3,5,0,0,,4,,
G-AU-SM,A-AU-SM-20,,X,X,A-AU-SM-20: Die Dauer der Wohnpflicht muss um die Zeiten von (längerer) Abgängigkeit und Haft verlängert werden können.,,,,2,3,0,0,,3,,
G-AU-SM,A-AU-SM-15,,X,X,"A-AU-SM-15: Kehrt ein:e Bewohner:in nach längerer Abwesenheit in die AfA zurück, muss das Asylverwaltungsprogramm die Möglichkeit bieten, die betreffende Person als Wiederaufnahme unter Angabe des Datums der Wiederaufnahme zu markieren. Bewohner:innen-Übersichten müssen nach Wiederaufnahme-Fällen gefiltert werden können (vgl. A-SYS-BÜ-05).",teilweise,Untergetauchte Personen die wiederkommen können über die Abgängigkeit markiert werden und es kann danach gefiltert werden ,"Abgängigkeit von - bis festhalten und das ""bis"" Datum als das Datum wann eine Person aus der Abgängigkeit zurrückkehrt. ",3,4,1,2,,5,,
P-AU-VD,A-AU-VD-01,,vereinfachte Version,"X
(Ort muss geändert werden können und eine Bewohnerlog dazu muss gepflegt werden. Kann über den Export der Termine realisiert werden. Optional kann ein Listenepxort ermöglicht werden.)","A-AU-VD-01: Für eine geplante Verlegung muss sich eine Verlegungsliste als Datei (.xlsx, .docx und .pdf) exportieren lassen.",,,,8,10,8,10,,5,,
P-AU-VD,A-AU-VD-02,,vereinfachte Version,,"A-AU-VD-02: Die erstellbaren Verlegungslisten sollen durch den/die Nutzer:in nach ID-Nummern, Unterbringungsort(Afa, Haus- und Zimmernummer) und alphabetisch nach Nachnamen des für die Verlegung eingeplanten Bewohner:innen sortiert werden können.",x,,,0,0,0,0,,,,
P-AU-VD,A-AU-VD-04,,vereinfachte Version,,"A-AU-VD-04: Nach der Durchführung eine Verlegung muss im Asylverwaltungsprogramm bestätigt werden, für welche Bewohner:innen die Verlegung tatsächlich durchgeführt wurde.",x,,,0,0,0,0,,,,
P-AU-VD,A-AU-VD-05,,vereinfachte Version,,"A-AU-VD-05: Wird eine Verlegung durchgeführt, müssen die Personen, welche verlegt wurden, automatisch dem neuen Objekt zugeordnet werden.",x,,,0,0,0,0,,,,
P-AU-LP,A-AU-LP-01,,vereinfachte Version,"X
(vereinfachte Version, s. unten *  
Eine Liste mit Bewohnern und Startort und Zielkommune muss erstellt und exportiert werden können. Nach Bestätigung des Transfers wird der Standort des Bewohners geändert.)","A-AU-LP-01: Im Asylverwaltungsprogramm müssen eine oder mehrere Verteilungsplanungen unter Angabe von Ausgangspunkt, Zielort (aufnehmende Kommune), Kapazität, Datum der Verlegung angelegt, bearbeitet und gelöscht werden können. Die angezeigten Informationen müssen dabei frei wählbar sein.",x,,,15,20,15,20,,5,,
P-AU-LP,A-AU-LP-03,,vereinfachte Version,,"A-AU-LP-03: Das Asylverwaltungsprogramm soll automatisch alle Bewohner:innen, die gesetzlich für eine Verteilung vorgesehenen sind (Muss-Verteilfälle), der erstellten Verteilplanung hinzufügen.",,,,0,0,0,0,,,,
P-AU-LP,A-AU-LP-04,,vereinfachte Version,,"A-AU-LP-04: Im Asylverwaltungsprogramm sollen sich durch Nutzende mit entsprechenden Rechten die Kriterien anhand der Attribute und Gruppenzugehörigkeiten (vgl. A-AU-SM-01, A-AU-SM-05 und A-AU-RE-15) definieren lassen, die einen Muss-Verteilfall ausmachen.",,,,0,0,0,0,,,,
P-AU-LP,A-AU-LP-05,,vereinfachte Version,,"A-AU-LP-05: Wurde bereits früher eine Verteilung für eine:n Bewohner:in durchgeführt (Folgeanträge), soll der zuletzt festgelegte Verteilungsorte automatisch angezeigt werden und sich für die weitere Verteilungsplanung übernehmen lassen.",,,,0,0,0,0,,,,
P-AU-LP,A-AU-LP-09,,vereinfachte Version,,A-AU-LP-09: Der Nutzer muss aus einer Gesamtübersicht aller aktuell in der AfA wohnhaften Bewohner:innen zusätzlich manuell weitere Personen der Verteilungsplanung hinzufügen können.,,,,0,0,0,0,,,,
P-AU-LP,A-AU-LP-14,,vereinfachte Version,,A-AU-LP-14: Der Verfahrensstand des Asylverfahrens eines Bewohner:in soll während der Verteilplanung jederzeit sichtbar sein.,x,,,0,0,0,0,,,,
P-AU-LP,A-AU-LP-15,,vereinfachte Version,,"A-AU-LP-15: Wird für ein:e Bewohner:in eine Sperre durch das Gesundheitsamt im Asylverwaltungsprogramm eingetragen, darf diese Person nicht mehr systemseitig für eine Verlegung oder eine Verteilung eingeplant werden.",x,,,0,0,0,0,,,,
P-AU-LP,A-AU-LP-16,,vereinfachte Version,,"A-AU-LP-16: Liegen für eine:n Bewohner:in Hinweise der Krankenstation vor (z.B. zu Erkrankungen, körperlichen oder psychischen Beeinträchtigungen oder zu besonderem Schutzbedarf), sollen diese bei der Verlegungsplanung einsehbar sein.",x,,,0,0,0,0,,,,
P-AU-LP,A-AU-LP-17,,vereinfachte Version,,"A-AU-LP-17: Bei der Durchführung einer Verteilung in eine Kommune, soll das Asylverwaltungsprogramm die Verteilung nur von Teilen eines Familienverbundes durch eine Hinweismeldung anzeigen.",teilweise,Wenn eine Person verteilt werden soll gibt es einen Hinweis dass Sie Teil eines Familienverbandes ist ,Bereits vereinfachte Version,0,0,0,0,,,,
P-AU-LP,A-AU-LP-18,,vereinfachte Version,,"A-AU-LP-18: Die Hinweismeldung soll dem/der Nutzer:in die Auswahl bieten, ob der Familienverband als Ganzes, gar nicht oder nur das ausgewählte Familienmitglied verteilt werden soll.",,,,0,0,0,0,,,,
P-AU-LP,A-AU-LP-19,,vereinfachte Version,,"A-AU-LP-19: Wird nur ein Teil eines Familienverbandes verteilt, soll das Asylverwaltungsprogramm von dem/der Nutzer:in einem Freitextfeld eine Begründung erfragen.",x,,,0,0,0,0,,,,
P-AU-LP,A-AU-LP-06,,vereinfachte Version,,A-AU-LP-06: Das Asylverwaltungsprogramm soll bei der Verteilungsplanung eine Zuordnung der Bewohner:innen auf bestimmte Gemeinden auf Grundlage der Gemeinde-Quoten (A-AU-LP-11) vorschlagen. Dabei sollen Familienverbünde (vgl. A-AU-RE-14) und Bezugspersonen von bereits verteilten UMAs (vgl. A-AU-SM-06) berücksichtigt werden.,,,,0,0,0,0,,,,
P-AU-LP,A-AU-LP-07,,vereinfachte Version,,A-AU-LP-07: Die automatische Verteilungsplanung muss sich manuell anpassen bzw. manuell komplett neu anlegen lassen.,,,,0,0,0,0,,,,
P-AU-LP,A-AU-LP-08,,vereinfachte Version,,"A-AU-LP-08: Während der manuellen Anpassung der Verteilungsplanung müssen alle Gemeinden angezeigt werden, die für die Verteilung wenigstens einer der für die Verteilung vorgesehenen Bewohner:innen in Frage kommen.",,,,0,0,0,0,,,,
P-AU-LP,A-AU-LP-10,,vereinfachte Version,,"A-AU-LP-10: Wird während der manuellen Anpassung der Verteilungsplanung ein:e Bewohner:in ausgewählt, dann soll das Asylverwaltungsprogramm diejenigen Gemeinden, die für die Verteilung der/des ausgewählten Bewohner:in nicht in Frage kommen (vgl. A-AU-LP-13) ausgrauen.",,,,0,0,0,0,,,,
P-AU-LP,A-AU-LP-24,,vereinfachte Version,,"A-AU-LP-24: Bei der Verteilungsplanung sollen Bewohner:innen, die als Bezugspersonen für UMAs gelten (vgl. A-AU-SM-06) auf die Kommune verteilt werden, auf die auch der/die UMA verteilt wurde. Daher sollen Bezugspersonen besonders in der Verteilungsplanung besonders hervorgehoben werden.",,,,0,0,0,0,,,,
P-AU-LP,A-AU-LP-25,,vereinfachte Version,,"A-AU-LP-25: Durch berechtigte Nutzer:innen müssen die Gemeindequoten, die die Verteilung von Bewohner:innen auf die Kommunen steuern hinterlegt und jederzeit angepasst werden können.",x,,,0,0,0,0,,,,
P-AU-LP,A-AU-LP-26,,vereinfachte Version,,"A-AU-LP-26: Bei der Verteilungsplanung sollen die Gemeindequote, bzw. die Über- oder Untererfüllung der Quote durch die verschiedenen Gemeinden angezeigt werden.",,,,0,0,0,0,,,,
P-AU-LP,A-AU-LP-12,,vereinfachte Version,,"A-AU-LP-12: Einschränkungen oder komplette Sperrungen bei der Verteilung in eine Kommune sollen eingetragen werden können und sollen bei der Verteilplanung angezeigt werden. Diese Einschränkungen soll insb. in der Begrenzung nur auf Personen aus bestimmten Gruppen (nur aus bestimmten Herkunftsländern, nur Familien, nur allein reisende Personen, etc.) bestehen.",,,,0,0,0,0,,,,
P-AU-LP,A-AU-LP-13,,vereinfachte Version,,A-AU-LP-13: Zu jeder Kommune soll ein Verteilungshinweis (Freitext) hinterlegt und jederzeit aktualisiert werden können. Während der Verteilungsplanung sollen die Verteilungshinweise der beteiligten Kommunen angezeigt werden.,,,,0,0,0,0,,,,
P-AU-LP,A-AU-LP-20,,vereinfachte Version,,A-AU-LP-20: Eine Verteilungsplanung muss exportiert werden (z.B. Excel-Datei) können.,x,,,0,0,0,0,,,,
P-AU-LP,A-AU-LP-21,,vereinfachte Version,,A-AU-LP-21: Nach Abstimmung der Verteilungsplanung muss sich eine Zuweisungsentscheidung und eine Verteilungsverfügung erstellen lassen.,x,,,0,0,0,0,,,,
P-AU-LP,A-AU-LP-22,,vereinfachte Version,,A-AU-LP-22: Bei der Erstellung der Zuweisungsentscheidung sowie bei der Verteilungsverfügung soll die Rechtsgrundlage ausgewählt und durch eine Freitext-Begründung ergänzt werden können.,teilweise,Es gibt eine Vorlage mit Rechtsgrundlagen die ausgewählt werden können + Kommentarfunktion in Form eines Freitextfeldes ,Geht im Bewohnerlog es kann aber nicht danach gefilter werden - Passt so,0,0,0,0,,,"Beim zweiten Punkt im Excelblatt „AU“ Zeile 81 A-AU-LP-22 Spalte L, müsstest du mir bitte aushelfen Boris. Wenn ich die Rechtsgrundlage für eine Verteilung oder für die Zuweisung als Bewohnerlog zur Person aufnehme, 
kann ich diesen Log dann bei der Erstellung der Zuweisungsentscheidung oder Verteilungsverfügung anhängen? Ich bitte die Konkretisierung in der Spalte L durch dich oder dem Herrn Saalfrank aufzuschreiben. 
Natürlich gehört auch rein, dass nach diesen spezifischen Bewohnerlogs, nicht gefiltert werden kann.","die Erstellung einer Zuweisungsentscheidung oder Verteilungsverfügung geht aus dem Dokumentenmanagementsystem heraus, wenn eine entsprechende Vorlage dort enthalten ist. Dort kann zwar nicht der Inhalt eines Freitextfeldes automatisch hinzugefügt werden, der Nutzer hat aber die Möglichkeit das Dokument vor dem Drucken über die PDF-Funktionalitäten weiterführend auszufüllen, wenn das Formular ein Feld bereit stellt. Das ließe sich also mit Copy Paste eintragen. Das ausgefüllte Dokument kann dann wiederum in einem Folgeeintrag des Freitextlog-Eintrages hochgeladen und angehängt werden. Das nicht danach gefiltert werden kann ist bereits in Spalte L vermerkt. "
P-AU-LP,A-AU-LP-23,,vereinfachte Version,,A-AU-LP-23: Für eine Verteilungsverfügung soll durch das Asylverwaltungsprogramm einer zehnstellige Verteilnummer generiert und auf der Verteilungsverfügung angegeben werden. Die Verteilnummer setzt sich dabei wie folgt zusammen:,x,,,0,0,0,0,,,,
P-AU-LD,A-AU-LD-01,,vereinfachte Version,,"A-AU-LD-01: Die aus der Verteilungsplanung entstandenen Listen sollen sich so anzeigen lassen, dass sie die betroffenen Bewohner:innen in der Reihenfolge anzeigen, in der sie auf der geplanten Route auf die Kommunen verteilt werden.",,,,0,0,0,0,,,,
P-AU-LD,A-AU-LD-02,,vereinfachte Version,,A-AU-LD-02: Im Asylverwaltungsprogramm sollen für jede Kommune eine Reihe von Email-Adressen von Ansprechpartnern in Sachen Verteilung hinterlegt werden können.,,,,0,0,0,0,,,,
P-AU-LD,A-AU-LD-03,,vereinfachte Version,,A-AU-LD-03: Das Asylverwaltungsprogramm soll Verteil-Benachrichtigungen an die Kommunen automatisch erstellen und verschickt diese zusammen mit der Verteilverfügung (vgl. A-AU-LP-22) unter Berücksichtigung der gesetzlichen Vorankündigungsfrist von 14 Tagen an für jede der Kommunen im Asylverwaltungsprogramm hinterlegte E-Mail-Adressen der Kommunen.,x,,,0,0,0,0,,,,
P-AU-LD,A-AU-LD-04,,vereinfachte Version,,"A-AU-LD-04: Die Ergebnisse aus dem Screening (vgl. P-KS-SC, bspw. benötigt psychologische/psychiatrische Versorgung, NippA, psychotherapeutsiche Sprechstunde, Anbindung an sonstige Beratungsstellen, schwere körperliche Erkrankung, spezielle Unterbringung) sollen der Kommune (unter Beachtung von Datenschutz/Datensicherheit) mitgeteilt werden.",,,,0,0,0,0,,,,
P-AU-LD,A-AU-LD-06,,vereinfachte Version,,"A-AU-LD-06: Wird die Durchführung der Verteilung durch den Nutzer bestätigt, muss die Software die Bewohner:in als nicht mehr in einer AfA wohnhaft markieren, wodurch der Datensatz archiviert wird.",x,,,0,0,0,0,,,,
P-AU-UD,A-AU-UD-01,,vereinfachte Version,"X
(vereinfachte Version, s. unten **)","A-AU-UD-01: Wird eine Person von einer Kommune in eine andere Kommune umverteilt, muss das Asylverwaltungsprogramm die Erfassung dieser Umverteilung, einschließlich Ausgangs- und Zielkommune, Datum an dem die Umverteilung durchgeführt wird ermöglichen. Weiterhin müssen der Antrag sowie weitere Schriftstücke zu der Umverteilung gescannt und abgelegt werden können.",teilweise,,Statt AfA kann auch Kommune als Ausgangspunkt ausgewählt werden ,15,20,15,20,,4,,
P-AU-UD,A-AU-UD-02,,vereinfachte Version,,"A-AU-UD-02: Wird eine länderübergreifende Umverteilung durchgeführt und ist eine oder mehrere der betroffenen Personen noch nicht im Asylverwaltungsprogramm erfasst, so müssen sich dies durch manuelle Erfassung der Stammdaten und/oder Übernahme aus dem AZR nachholen lassen (analog zu analog zu A-AU-VR-01 und A-AU-RE-03)",x,,,0,0,0,0,,,,
P-AU-EF,P-AU-EF-01,X,,X,"A-AU-VR-01: Kommt ein:e Asylbewerber:in als Neuaufnahme in eine AfA, so muss das Asylverwaltungsprogramm die Datenerfassung zu Asylbegehrenden im Rahmen einer Vorregistrierung ermöglichen. Die erfassten Daten umfassen Name, Vorname, Titel/Namenszusätze, Geburtsdatum, Familienstand, Familien-Verbünde, Fluchtgemeinschaften, Staatsangehörigkeit und Sprachkenntnisse. Zusätzliche Informationen müssen sich in einem oder mehreren Freitextfeldern eintragen lassen.",x,,,15,20,15,20,,4,,
P-AU-EF,P-AU-EF-02,"X 
(ungetestet)","X 
(Test, Korrektur, Erweiterung)",X,"A-AU-RE-03: Das Asylverwaltungsprogramm muss es ermöglichen zu prüfen, ob im AZR Daten zur/zum Asylbegehrenden vorhanden sind und diese ggf. direkt aus dem AZR in das Asylverwaltungsprogramm zu übernehmen.",x,,,0,0,0,0,,,,
P-BS-KG,A-BS-KG-01,,X,,X,"A-BS-KG-01: Will eine Bewohner:in das Gelände der AfA betreten oder verlassen, so muss das Asylverwaltungsprogramm die Möglichkeit anbieten, dies zu erfassen. Erfasst werden insbesondere ID-Nummer des Bewohners/der Bewohnerin, AfA, Zeit, Kommen/Gehen und Identität des erfassenden Mitarbeitenden der AfA. Darüber hinaus muss die Fotos zu den Bewohner:innen-Einträgen einsehbar sein.",x,,,5,8,5,8,,3,
P-BS-KG,A-BS-KG-03,,X,,X,"A-BS-KG-03: Will eine Bewohner:in das Geländer der AfA betreten oder verlassen, so muss die Erfassung der notwendigen Daten zur/zum Bewohner:in durch Scannen des Bewohner:innen-Ausweises erfolgen können (vgl. A-SYS-BA-03).",x,,,3,5,3,5,,2,
P-BS-KG,A-BS-KG-02,,X,,X,"A-BS-KG-02: Will eine Bewohner:in das Gelände der AfA betreten oder verlassen, muss die Erfassung der notwendigen Daten zur/zum Bewohner:in - alternativ zum Scannen des Bewohner:innen-Ausweises - durch manuelle Auswahl des passenden Bewohner:innen-Eintrags möglich sein.",x,,,3,5,3,5,,3,
P-BS-KG,A-BS-KG-04,,X,,X,"A-BS-KG-04: Im Modul Bewachung und Sicherheit soll eine Bewohner:innen-Übersicht wie in den Anforderungen A-SYS-BÜ im Kapitel 4.1.5 zur Verfügung stehen, die alle Bewohner:innen der jeweiligen AfA enthält und in der folgende Daten zugreifbar sind: AfA Name, Geburtsdatum, Herkunftsland und Geschlecht, aktuelle Anwesenheit in der AfA, mit entsprechenden Sortier-, Such und Filter- und Export-Möglichkeiten",teilweise,,Es gibt die pro Modul Tabelle der Bewohnerübersicht. Wenn enstsprechend definiert kann das hier umgesetzt werden - Passt so muss nicht extra umgesetzt werden ,6,8,0,0,,3,
P-BS-KG,A-BS-KG-05,,X,,X,"A-BS-KG-05: Wenn eine: Bewohner:in an der Pforte erfasst wird, soll das Asylverwaltungsprogramm aus der gespeicherten Anwesenheit eines Bewohners/einer Bewohnerin schließen, ob diese Person gerade geht oder kommt.",x,,,2,3,2,3,,2,
P-BS-KG,A-BS-KG-06,,X,,X,A-BS-KG-06: Die vom Asylverwaltungsprogramm vorgegebene Richtung des Bewohners/der Bewohnerin (betritt/verlässt Einrichtung) muss von der/dem Nutzer:in überschrieben werden können.,x,,,1,2,1,2,,2,
P-BS-KG,A-BS-KG-09,,X,,X,"A-BS-KG-09: Wenn ein:e Bewohner:in an der Pforte erfasst wird, für die mindestens ein Hinweis aus den Kategorien ""Isolation"", ""Gewalt-Vorfälle"" und ""Bitte um Meldung"" vorliegen (A-SYS-FD-14 bis A-SYS-FD-17 im Kapitel 4.1.8), so soll dies vom Asylverwaltungsprogramm angezeigt werden.",teilweise,Es gibt Kategorien welche in der Detaillansicht des Bewohners einsehbar ist. Hinweisfunktion gibt es nicht,"Bewohnerübersicht anzeigen, die der der Rundgangliste entspricht. (Sofern die Infos dort enthalten sind)  ",2,3,1,2,,4,
P-BS-KG,A-BS-KG-10,,X,,X,"A-BS-KG-10: Wenn ein:e Bewohner:in an der Pforte erfasst wird der/die einen definierte Altersgrenze unterschreitet, soll das Asylverwaltungsprogramm darauf hinweisen, dass der/die Bewohner:in die AfA nicht alleine verlassen darf.",x,,,1,2,1,2,,2,
P-BS-BE,A-BS-BE-02,X,,,X,"A-BS-BE-02: Will eine Besucher:in eine:n (oder mehrere) bestimmte Bewohner:in besuchen, muss das Asylverwaltungsprogramm dem Wachdienst die Möglichkeit bieten, die Besucher:in mit Name, Vorname, Geburtsdatum, Wohnanschrift, Zutrittszeit, Nummer des Besucher:innen-Ausweises und Identität der zu besuchender Bewohnerin/ des zu besuchenden Bewohner zu erfassen. Handelt es sich bei dem/der Besucher:in um eine:n Bewohner:in einer anderen AfA muss statt der manuellen Erfassung der Besucher:innen Daten der Bewohner:innen-Ausweis der/des besuchenden Bewohner:in gescannt können.",teilweise,,,0,0,0,0,,,
P-BS-BE,A-BS-BE-09,X,,,X,"A-BS-BE-09: Alternativ zum Scannen des Bewohner:innen-Ausweises einer besuchenden Bewohnerin/eines besuchenden Bewohners, muss der entsprechende Bewohner:innen-Eintrag im Asylverwaltungsprogramm auch manuell herausgesucht werden und der/die Bewohner:in als Besucher:in erfasst werden können.",nein,,,0,0,0,0,,,
P-BS-BE,A-BS-BE-03,X,,,X,"A-BS-BE-03: Will ein:e Besucher:in eine:n bestimmte Bewohner:in besuchen, so soll das Asylverwaltungsprogramm nach Eingabe der/des zu besuchenden Bewohner:in, Besucher:innen für diese Bewohner:in aus der Vergangenheit als Vorschläge anbieten.",nein,,,0,0,0,0,,,
P-BS-BE,A-BS-BE-04,X,,,X,"A-BS-BE-04: Es muss eine Liste aller in der AfA befindlichen Besucher:innen, einschließlich Name, Besucher:innen-Ausweisnummer, besuchter Bewohner:in, Zimmer der besuchten Bewohner:in und Zeit des Zutritts zur AfA eingesehen, exportiert oder ausgedruckt werden.",nein,,,0,0,0,0,,,
P-BS-BE,A-BS-BE-05,X,,,X,"A-BS-BE-05: Wenn eine Besucher:in erfasst wird und für eine Person mit ähnlichen oder gleichen Daten ein Hausverbot erlassen wurde, dann muss das Asylverwaltungsprogramm darauf hinweisen.",nein,,,0,0,0,0,,,
P-BS-BE,A-BS-BE-06,X,,,X,"A-BS-BE-06: Es soll möglich sein, einen Versuch gegen ein bestehendes Hausverbot zu verstoßen im Asylverwaltungsprogramm zu erfassen, mit der Identität der/des Besucher:in, Zeitpunkt der Erfassung, Identität der/des Erfassenden und zu betretender AfA.",nein,,,0,0,0,0,,,
P-BS-BE,A-BS-BE-08,X,,,X,"A-BS-BE-08: Aus der Liste der aktuell in der AfA anwesender Besucher:innen (vgl. A-BS-BE-004 im Kapitel 4.3.2) müssen Besucher:innen ausgewählt und ausgetragen werden können. Dabei muss der Zeitpunkt erfasst werden, zu dem der/die Besucher:in die AfA verlässt sowie der/die Erfassende.",x,,,0,0,0,0,,,
P-BS-BZ,A-BS-BZ-01,X,,,X,"A-BS-BZ-01: Das Asylverwaltungsprogramm soll Nutzer:innen mit entsprechenden Rechten die Möglichkeit bieten, eine Uhrzeit als Ende der Besuchszeit zu konfigurieren.",nein,,,0,0,0,0,,,
P-BS-BZ,A-BS-BZ-02,X,,,X,"A-BS-BZ-02: Endet die vorgesehene Besuchszeit, so soll das Asylverwaltungsprogramm den Wachdienst auf evtl. noch auf dem Gelände befindliche Besucher:innen hinweisen.",nein,,,0,0,0,0,,,
G-KS-AL,A-KS-AL-01,Teilweise,X,X,"A-KS-AL-01: Zu jedem Bewohner/jeder Bewohnerin muss es eine Patientenakte Teil der Bewohnerakte geben, in dem medizinische Informationen zu der/dem Bewohner:in gesammelt werden. Diese beinhaltet insbesondere alle von einem/einer Nutzer:in in der Rolle „Krankenstation"" gemachten Freitext-Einträge (vgl. A-SYS-FD-01), sowie alle in diesem Kapitel/für dieses Modul beschriebenen, zusätzlichen Informationen zu Bewohner:innen.",X,,,1,2,1,2,,1,,
G-KS-AL,A-KS-AL-02,X,,X,"A-KS-AL-02: Das Asylverwaltungsprogramm soll die Möglichkeit bieten, mehrere Patientenakten gleichzeitig zu öffnen und zu bearbeiten.",TEILWEISE,,schon da ,0,0,0,0,,,,
G-KS-AL,A-KS-AL-05,,X (nicht KS),X,"A-KS-AL-05: Bei Bedarf muss das Asylverwaltungsprogramm die Möglichkeit bieten, auf eine Liste von Neuaufnahmen in die AfA der jüngsten Zeit mit Datum der Neuaufnahme zuzugreifen.",X,,,1,2,1,2,,1,,
G-KS-SM,A-KS-SM-01,Teilweise,X,X,"A-KS-SM-01: Es muss eine Patientenübersicht (Krankenblatt) geben, die einen schnellen Überblick über die gesundheitlichen Probleme eines Patienten/einer Patientin ermöglicht und insbesondere die folgen Informationen enthält: Diagnosen/Befunde und Vorerkrankungen, Diagnostik, Medikamente, Allergien, Schwangerschaften (m. Entbindungstermin), wichtige Operationen und Isolationspflicht. Dies kann als modul-spezifische Übersicht zu einem/einer Bewohner:in umgesetzt werden (vgl. A-SYS-BD-03).",X,,,3,4,3,4,,2,,
G-KS-SM,A-KS-SM-03,,X,X,A-KS-SM-03: Die gesamte Patientenakte muss sich in eine .pdf-Datei konvertieren und bei Bedarf ausdrucken lassen.,X,,,3,5,3,5,,3,,
G-KS-SM,A-KS-SM-04,X,,X,"A-KS-SM-04: In der Patientenakte der Bewohner:in muss sich, statistisch auswertbar, erfassen lassen, welche Impfungen (insbesondere eine Masernimpfung) vorhanden sind.",TEILWEIE,,,0,0,0,0,,,,
G-KS-SM,A-KS-SM-05,X,,X,"A-KS-SM-05: Für jede:n Bewohner:in muss sich, statistisch auswertbar, in der Patientenakte erfassen lassen, welche Impfung zusätzlich zu den bereits vorhandenen Impfungen notwendig sind.",TEILWEISE,,,0,0,0,0,,,,
G-KS-SM,A-KS-SM-06,X,,X,"A-KS-SM-06: In der Patientenakte der Bewohner:in muss sich erfassen lassen, wenn neue Impfungen durchgeführt wurden.",X,,,0,0,0,0,,,,
G-KS-SM,A-KS-SM-07,,X,X,A-KS-SM-07: Erhält ein:e Patient:in Medikamente (gleichgültig ob verschreibungspflichtig oder nicht) muss dies im Asylverwaltungprogramm erfasst werden können.,X,,,3,4,3,4,,3,,
G-KS-SM,A-KS-SM-08,,X,X,"A-KS-SM-08: Erhält ein:e Patient:in Medikamente, so soll es im Asylverwaltungsprogramm möglich sein, über die Ausgabe(n) des Medikament bzw. die Einnahme vor Ort buchzuführen.",X,,,2,3,2,3,,3,,
G-KS-SM,A-KS-SM-09,,X,X,"A-KS-SM-09: Die Medikamente, die ein:e Bewohner:in erhält sollen sich auflisten und nach Medikamenten-Name, Verschreibungsdatum (falls verschreibungspflichtig), Verschreibungspflicht sowie letzter Ausgabe/Einnahme sortieren und filtern lassen.",TEILWEISE,In der Detailsansicht eines Bewohners gibt es einen Tab für die ausgegebenen Medikamente,Erfassung mit Tabelle und Filterung - Umsetzen wie geplant. ,1,2,1,2,,5,,
G-KS-SM,A-KS-SM-12,X,,X,A-KS-SM-12: Die Befunde müssen sich im .pdf-Format als Teil der Patientenakte ablegen und aufrufen lassen. Es muss eine Übersicht der abgelegten Befunde aufrufbar sein.,X,,,0,0,0,0,,,,
G-KS-SM,A-KS-SM-13,X,,X,"A-KS-SM-13: Liegt ein Befund in Papierform vor, soll es möglich sein, diese einzuscannen und der Patientenakte anzufügen.",X,,,0,0,0,0,,,,
G-KS-SM,A-KS-SM-18,,X,X,"A-KS-SM-18: Durch die Krankenstation muss ein Verteilungs-/Verlegungsverbot (vgl. A-AV-VP-07 und A-AV-LP-15) aus gesundheitlichen Gründen, insbesondere wegen abzuklärender Gesundheitsbeschwerden, Abwesenheitsmeldungen bei Krankenhausaufenthalten, Isolation, für eine Patient:in eingetragen werden können. Diese Information wird in den Prozessen P-AV-VP und P-AV-LP angezeigt.",X,,,3,5,3,5,,3,,
P-KS-RE,A-KS-RE-01,,X,X,"A-KS-RE-01: Im Asylverwaltungsprogramm sollen sich zur Erstellung des Rezepts der Name, die ID-Nummer und das Geburtsdatum aus der Stammdatenbank übernehmen lassen (vgl. A-SYS-VD-01 bis A-SYS-VD-06 im Kapitel 4.1.6).",TEIWLEISE,"Das Rezept wird generiert, was als Anhang dem Bewohner angefügt wird. Rezept wird in Asyl4Win generiert",Wie geplant - Umsetzen,4,6,4,6,,3,,
P-KS-RE,A-KS-RE-02,,X,X,"A-KS-RE-02: Zusätzlich sollen bei der Erstellung des Rezepts folgende Informationen eingetragen werden: ""Beitrag frei"", Personennummer, IK-Nummer der AfA, Adresse der AfA, das Erstellungsdatum, Rezept-ID (fortlaufende Nummerierung zur eindeutigen Identifizierung der erstellten Rezepte).",TEIWLEISE,,Wie geplant - Umsetzen,0,0,0,0,,,,
P-KS-RE,A-KS-RE-03,,X,X,"A-KS-RE-03: Zusätzlich sollen bei der Erstellung des Rezepts folgende Informationen eingetragen werden können: Dosierung, Medikamenteneinnahmeart, Packungsgröße, Einnahmeintervall, PZN-Nummer.",X,,,0,0,0,0,,,,
P-KS-RE,A-KS-RE-04,,X,X,"A-KS-RE-04: Bei der Erstellung des Rezeptes muss es möglich sein, automatisch eingetragene Informationen noch nachträglich manuell zu ändern.",X,,,0,0,0,0,,,,
P-KS-RE,A-KS-RE-05,,X,X,A-KS-RE-05: Der Ausdruck des Rezepts soll vom Asylverwaltungsprogramm mit allen gängigen Rezeptdruck-Geräten unterstütz werden.,X,,,2,3,2,3,,2,,
P-KS-RE,A-KS-RE-06,,X,X,"A-KS-RE-06: Soll ein Rezept für einen Patienten/eine Patientin ausgestellt werden, soll das Asylverwaltungsprogramm dies mit möglichst wenigen manuellen Arbeitsschritten ermöglichen.",X,,,0,0,0,0,,,,
P-KS-RE,A-KS-RE-07,,X,X,A-KS-RE-07: Ausgestellte Rezepte muss automatisch der Patientenakte hinzugefügt werden.,X,,,2,3,2,3,,2,,
P-KS-RE,A-KS-RE-08,,X,X,"A-KS-RE-08: Bei Bedarf soll das Asylverwaltungsprogramm die Möglichkeit bieten, bereits zuvor ausgestellte Rezepte erneut unter tagesaktuellem Datum auszustellen/auszudrucken.",,,,2,3,0,0,,2,,
P-KS-RE,A-KS-RE-09,,X,X,"A-KS-RE-09: Im Asylverwaltungsprogramm muss sich das Rezept ""Sprechstundenbedarf"" erstellen lassen. Dies muss die Angeben ""Beitrag frei"", IK-Nummer der AfA, Adresse der AfA, das Erstellungsdatum, Rezept-ID (fortlaufende Nummerierung zur eindeutigen Identifizierung der erstellten Rezepte) enthalten.",X,,,2,3,2,3,,3,,
P-KS-GA,A-KS-GA-03,,,"X
(Ex- und Import in AMIS wird ermöglicht, Transport erfolgt außerhalb von AMIS)","A-KS-GA-03: War eine Bewohner:in im Gesundheitsamt, muss dies in der Patientenakte mit Datum eingetragen werden können.",X,,,3,5,3,5,,4,,
P-KS-GA,A-KS-GA-04,,,,"A-KS-GA-04: Alle Befunde, die aus dem Gesundheitsamtstermin resultieren (gleich ob durch das Gesundheitsamt oder die AfA durchgeführt), sollen sich gesammelt und separat von sonstigen Befunden einsehen lassen.",X,,,4,6,4,6,,5,,
P-KS-TV,A-KS-TV-02,X,,X,A-KS-TV-02: Die für Patient:innen vereinbarten Arutztermine (in der AfA oder extern) sollen sich in einer Übersicht tageweise darstellen lassen. Alternativ kann eine Synchronisation mit dem Terminverwaltungsprogramm (z.B. Outlook-Kalender) der Krankenstation erfolgen.,,,,0,0,0,0,,,,
P-KS-KÜ,A-KS-KÜ-01,,X,X,"A-KS-KÜ-01: Wenn eine Kostenübernahme für die medizinische Behandlung einer Bewohner:in erfolgen soll, soll es aus der Patientenakte heraus möglich sein, das Ausfüllen eines entsprechenden Vordrucks (vgl. A-SYS-VD-02) für den Nachweis für die Kostenübernahme anzustoßen.",X,,,2,3,2,3,,2,,
P-KS-KÜ,A-KS-KÜ-02,,X,X,"A-KS-KÜ-02: Wird eine Kostenübernahme in der Patientenakte erstellt, soll es möglich sein, dass die Personennummer, die ID des Familienverbunds, der Name der/des Bewohner:in, das Geburtsdatum, Name und Anschrift des Arztes automatisch eingetragen wird. Als essentielle Bestandteile der Kostenzusicherung sollen die VKNR (Vertragskassennummer) und IK-Nummer (Institutionskennzeichen) der jeweiligen AfA automatisch eingetragen werden. Zusätzlich sollen sich weitere Informationen in Form eines Bemerkungsfeldes eintragen lassen. Wenn gewünscht, kann die durchzuführende Untersuchung/Behandlung ebenfalls mit auf der Kostenübernahme mit eingetragen werden.",X,,,1,2,1,2,,2,,
P-KS-KÜ,A-KS-KÜ-03,,X,X,"A-KS-KÜ-03: Wird eine Kostenübernahme erstellt, soll diese automatisch der Patientenakte der Bewohner:in zugeordnet werden, indem ein Freitext-Dokumentations-Eintrag mit voreingetragenen Text und einer PDF-Version der Kostenübernahme als Anhang erstellt wird (vgl. A-SYS-FD-09).",X,,,1,2,1,2,,3,,
P-KS-KÜ,A-KS-KÜ-07,,X,X,A-KS-KÜ-07: Das zusätzliche Dokument soll entweder als eigener Eintrag in der Patientenakte gespeichert werden können oder als Ergänzung zu einem bereits bestehenden Eintrag.,X,,,2,3,2,3,,2,,
P-KS-KÜ,A-KS-KÜ-08,,X,X,A-KS-KÜ-08: Die beiden erstellten Dokumente (Kostenübernahme und Untersuchungs-/Behandlungs-Grund) sollen entweder jeweils als eigener Freitexeintrag in der Patientenakte gespeichert werden können (vgl. A-SYS-FD-01) oder als Folge-Eintrag zu einem bereits bestehenden Eintrag (vgl. A-SYS-FD-03).,X,,,2,3,2,3,,3,,
P-KS-KÜ,A-KS-KÜ-10,,X,X,"A-KS-KÜ-10: Nach Abschluss der Behandlung soll sich die Kostenabrechnung der Patientenakte (als Freitext-Eintrag mit Dokumenten-Anhang, vgl. A-SYS-FD-07) und der Leistungsakte (vgl. Kapitel 4.1.15) anfügen lassen. Dem Leistungsakten-Eintrag soll der Rechnungsbetrag als auswertbare Zahl beigeordnet werden.",TEILWEISE,Kostenabrechnung kann der Patientenakte beigefügt werden. Betrag kann NICHT Verrechnet werden,Wie geplant - Umsetzen,4,6,4,6,,6,,
P-SD-LM,A-SD-LM-01,X,,X,"A-SD-LM-01: Das Asylverwaltungsprogramm muss Nutzer:in mit entsprechenden Rechten die Möglichkeit bieten, die Liegenschaften der AfAs über verschiedene Ebenen bis zur Ebene von einzelnen Betten anzulegen, zu bearbeiten und zu löschen.",X,Liegenschaftsmagement ist abweichend von den Anfoderungen bereits implemntiert und von der ADD abgenommen worden,,0,0,0,0,,,,
P-SD-LM,A-SD-LM-02,X,,X,A-SD-LM-02: Jedem Bett in einem Zimmer/einer Halle muss (bis zu) eine Bewohner:in zugeordnet werden können. Jeder/jedem Bewohner:in muss immer genau ein Bett zugeordnet sein. Die Belegung eines Bettes muss mit dem Eintrag der jeweiligen Bewohnerin/des jeweiligen Bewohners im Asylverwaltungsprogramm verknüpft sein.,Nein,,,0,0,0,0,,,,
P-SD-LM,A-SD-LM-03,X,,X,"A-SD-LM-03: Alle Objekte sollen mit unterschiedlichen Belegungsmodelle verschlagwortet werden können. Diese können erstellt, bearbeitet und gelöscht werden (z.B. „Sozialverträglich"", „Dichtbelegung"" oder „Pandemiekonform"").",Nein,,,0,0,0,0,,,,
P-SD-LM,A-SD-LM-04,X,,X,A-SD-LM-04: Alle Strukturelemente müssen sich in einer interaktiven Lagekarte darstellen lassen.,Nein,,,0,0,0,0,,,,
P-SD-LM,A-SD-LM-05,X,,X,A-SD-LM-05: Durch das Asylverwaltungsprogramm muss ein digitaler Lageplan zur Darstellung der Belegung erzeugt werden können. Darin müssen alle Objekt bis hinunter auf die Ebene von einzelnen Betten dargestellt werden. Darin müssen folgende Informationen darstellbar sein:,Nein,,,0,0,0,0,,,,
P-SD-LM,A-SD-LM-06,X,,X,A-SD-LM-06: In der Darstellung sollen verschiedene Informationen durch Formen und Farben codiert sein. Diese Zuordnung soll sich bei Bedarf ändern/einstellen lassen.,Nein,,,0,0,0,0,,,,
P-SD-LM,A-SD-LM-07,X,,X,A-SD-LM-07: Bei der Darstellung der Strukturelemente sollen die Symbole und Darstellungen in Form einer Legende erklärt werden.,Nein,,,0,0,0,0,,,,
P-SD-LM,A-SD-LM-08,X,,X,"A-SD-LM-08: Auf dem Lageplan soll sich, bei Bedarf, hervorheben lassen, wo sich in den Objekten besondere Räumlichkeiten (z.B. Isolationszimmer) befinden.",Nein,,,0,0,0,0,,,,
P-SD-LM,A-SD-LM-09,X,,X,"A-SD-LM-09: Dem/der Nutzer:in muss es möglich sein, aus dem Belegungsplan über die dort hinterlegen Bewohner:innen direkt in deren Bewohner:innen-Daten zu wechseln (z.B. Doppelklick auf die Person öffnet deren Personen-Stammdatenübersicht).",Nein,,,0,0,0,0,,,,
P-SD-LM,A-SD-LM-10,X,,X,A-SD-LM-10: Der digitale Lageplan soll sich in .xlsx und .pdf konvertieren und ausdrucken lassen.,Nein,,,0,0,0,0,,,,
P-SD-LM,A-SD-LM-11,X,,X,"A-SD-LM-11: Als höchstmögliches Strukturelement müssen Liegenschaftsobjekte (zum Beispiel zur Darstellung von AfAs) angelegt, bearbeitet und auch wieder gelöscht werden können, welche aus einem oder mehreren Gebäuden (vgl. A-SD-LM-12) bzw. Hallen (vgl. A-SD-LM-13) bestehen. Ein Liegenschaftsobjekt muss durch eine Bezeichnung, eine Anschrift, einen Status (aktiv/inaktiv) und ein Freitextfeld beschrieben sein.",X,,,0,0,0,0,,,,
P-SD-LM,A-SD-LM-12,X,,X,"A-SD-LM-12: Auf der zweiten Hierarchieebene müssen Strukturelement zur Darstellung von Gebäudeobjekten angelegt, bearbeitet und auch wieder gelöscht werden können, welche aus einem oder mehreren Zimmern (vgl. A-SD-LM-16) bestehen. Ein Gebäudeobjekt muss durch eine Bezeichnung, eine Anschrift, einen Status (aktiv/inaktiv) und ein Freitextfeld beschrieben sein.",X,,,0,0,0,0,,,,
P-SD-LM,A-SD-LM-13,X,,X,"A-SD-LM-13: Auf der zweiten Hierarchieebene müssen Strukturelement zur Darstellung von Hallenobjekten angelegt, bearbeitet und auch wieder gelöscht werden können, welche eine definierbare Anzahl an Betten enthalten. Ein Hallenobjekt muss durch eine Bezeichnung, eine Anschrift, einen Status (aktiv/inaktiv), eine Größe (in m²), die vorhandene Anzahl Betten, die Barrierefreiheit und ein Freitextfeld beschrieben sein.",Teilweise,,,0,0,0,0,,,,
P-SD-LM,A-SD-LM-14,X,,X,"A-SD-LM-14: Für jedes Hallenobjekt muss erfasst werden können, welche Art von Sanitäreinrichtungen vorhanden sind und in welcher Anzahl.",Teilweise,,,0,0,0,0,,,,
P-SD-LM,A-SD-LM-15,X,,X,A-SD-LM-15: Für jedes Hallenobjekt sollen der Hallenzustand bzw. vorhandene Mängel erfasst werden können.,Teilweise,,,0,0,0,0,,,,
P-SD-LM,A-SD-LM-16,X,,X,"A-SD-LM-16: Auf der letzten Hierarchieebene müssen Strukturelemente zur Darstellung von Räumen angelegt, bearbeitet und auch wieder gelöscht werden können. Jeder Raum muss durch eine Bezeichnung, einen Status (aktiv/inaktiv), eine Größe (in m²), eine Raum-Art ((Beleg-)Zimmer, Küche, WC, u.a.m.), die Barrierefreiheit und ein Freitextfeld beschrieben sein.",Teilweise,,,0,0,0,0,,,,
P-SD-LM,A-SD-LM-18,X,,X,"A-SD-LM-18: Handelt es sich bei einem Raum um ein (belegbares) Zimmer mit Betten, so muss dieses weiterhin durch die Anzahl an Betten beschrieben sein. Hinzu müssen bis zu drei Sonderausstattungen (z.B. Pflegebetten) in separaten Textfeldern erfasst werden können.",Teilweise,,,0,0,0,0,,,,
P-SD-LM,A-SD-LM-19,X,,X,A-SD-LM-19: Jedes Bett in einem Zimmer soll separat im Asylverwaltungsprogramm aufgeführt werden. Dadurch ist eine direkte Zuordnung einer Bewohner:in zu einem konkreten Bett möglich.,Nein,,,0,0,0,0,,,,
P-SD-LM,A-SD-LM-20,X,,X,"A-SD-LM-20: Jedes Zimmer muss sich einer Kategorie zuordnen lassen (insbesondere den Kategorien „Alleinstehende Männer"", „Alleinstehende Frauen"", „Familienunterbringung"", „Unbegleitete Minderjährige"" und „Isolationszimmer"").",Nein,,,0,0,0,0,,,,
P-SD-LM,A-SD-LM-21,X,,X,"A-SD-LM-21: Für jedes Zimmer muss erfasst werden können, welche Art von Sanitäreinrichtung vorhanden sind und ob diese mit einem Nachbarraum geteilt werden. Teilen sich zwei Zimmer eine Sanitäreinrichtung muss dies bei der Belegungsplanung mit einer Hinweismeldung angezeigt werden.",Nein,,,0,0,0,0,,,,
P-SD-BP,A-SD-BP-01,,Vereinf. Ad Hoc Belegung,"X
(vereinfachte adhoc-Belegung für Basisversion ausreichend)","A-SD-BP-01: Kommen neue Bewohner:innen in eine AfA soll das Asylverwaltungsprogramm bei der Zimmerzuweisung automatisiert Zuordnungs- und Umzugsvorschläge erstellen, aufgrund von Eigenschaften der bereits wohnhaften Bewohner:innen, insbesondere aufgrund von Nationalität, Volksgruppe, Geschlecht, Krankheiten, psychische Auffälligkeiten, Anzahl Kinder alleinerziehender Mütter und Religion.",Nein,,,15,20,15,20,X,3,,
P-SD-BP,A-SD-BP-02,,Vereinf. Ad Hoc Belegung,"X
(vereinfachte adhoc-Belegung für Basisversion ausreichend)",A-SD-BP-02: Die systemseitig vorgeschlagene Belegungsplanung muss durch den/die Nutzer:in manuell angepasst oder komplett verworfen und neu erstellt werden können.,Nein,,,0,0,0,0,,,,
P-SD-BP,A-SD-BP-03,,Vereinf. Ad Hoc Belegung,"X
(vereinfachte adhoc-Belegung für Basisversion ausreichend)",A-SD-BP-03: Isolationszimmer sollen für die Dauer der Isolation nicht bei der Belegungsplanung angezeigt werden.,Nein,,,0,0,0,0,,,,
P-SD-BP,A-SD-BP-10,,Vereinf. Ad Hoc Belegung,"X
(vereinfachte adhoc-Belegung für Basisversion ausreichend)","A-SD-BP-10: Im Asylverwaltungsprogramm sollen durch Nutzer:innen mit entsprechenden Rechten Kriterien hinterlegt werden können, nach denen verschiedene Bewohner:innen als inkompatibel gelten. Diese Kriterien sollen sich auf beliebige Attribute (Herkunftsland, Geschlecht, …) von Bewohner:innen beziehen, sowie deren Zugehörigkeit zu bestimmten vulnerablen Gruppen oder Sonderaufnahmen.",Nein,,,0,0,0,0,,,,
P-SD-BP,A-SD-BP-04,,Vereinf. Ad Hoc Belegung,"X
(vereinfachte adhoc-Belegung für Basisversion ausreichend)","A-SD-BP-04: Das Asylverwaltungsprogramm soll eine Warnmeldung erzeugen, wenn neu aufzunehmende Bewohner:innen in Zimmer untergebracht werden sollen bzw. innerhalb der letzten 3 Tage wurden, die in ihren Eigenschaften als inkompatibel eingeordnet sind.",Nein,,,0,0,0,0,,,,
P-SD-BP,A-SD-BP-05,,Vereinf. Ad Hoc Belegung,"X
(vereinfachte adhoc-Belegung für Basisversion ausreichend)","A-SD-BP-05: Es muss im Asylverwaltungsprogramm möglich sein, Bewohner:innen von einem Zimmer in ein anderes Zimmer (z.B. per Drag-and-Drop) zu verschieben.",Nein,,,0,0,0,0,,,,
P-SD-BP,A-SD-BP-06,,Vereinf. Ad Hoc Belegung,"X
(vereinfachte adhoc-Belegung für Basisversion ausreichend)",A-SD-BP-06: Die Änderung der Zimmerzuordnung muss in allen Ansichten in der Software automatisch aktualisiert werden.,X,,,0,0,0,0,,,,
P-SD-BP,A-SD-BP-07,,Vereinf. Ad Hoc Belegung,"X
(vereinfachte adhoc-Belegung für Basisversion ausreichend)",A-SD-BP-07: Das Asylverwaltungsprogramm soll die bisherige Zimmerzuweisung einer Bewohner:in historisieren.,Nein,,,3,5,0,0,,3,,
P-SD-BP,A-SD-BP-08,,Vereinf. Ad Hoc Belegung,"X
(vereinfachte adhoc-Belegung für Basisversion ausreichend)","A-SD-BP-08: Ist eine Verlegung von Bewohner:innen in andere Zimmer notwendig, so muss mit dem Asylverwaltungsprogramm eine entsprechende Verlegungsliste erstellt und versenden werden können. Ist ein:e Bewohner:in im neuen Zimmer angekommen, muss die Verlegung je Bewohner:in auf Knopfdruck bestätigt / in Kraft gesetzt werden können.",Nein,,,0,0,0,0,,,,
P-SD-BP,A-SD-BP-09,,Vereinf. Ad Hoc Belegung,"X
(vereinfachte adhoc-Belegung für Basisversion ausreichend)",A-SD-BP-09: Die Belegungen/Verlegungen sollen als .pdf-Datei exportierbar sein.,Nein,,,3,5,0,0,,2,,
P-SD-EG,A-SD-EG-02,,X,X,"A-SD-EG-02: Eingezogenes Eigentum der Bewohner:innen soll im Asylverwaltungsprogramm unter Angabe von Name, Vorname, ID-Nummer, Zimmernummer, Datum an dem das Eigentum eingezogen wurde und Objektbeschreibung als Verwahrgegenstände inventarisiert werden können.",Nein,,,3,5,0,0,,4,,
P-SD-EG,A-SD-EG-03,,X,X,"A-SD-EG-03: Wird durch den Wachdienst oder den Sozialdienst Eigentum der Bewohner:innen eingezogen und im Asylverwaltungsprogramm erfasst, soll für den Eigentümer über die in A-SYS-VD-02 beschriebene Vordruck-Funktion ein Nachweis erstellt können.",Nein,,,2,3,0,0,,3,,
P-SD-EG,A-SD-EG-04,,X,X,"A-SD-EG-04: Verlässt ein:e Bewohner:in die AfA, soll eine Meldung an die Nutzer:innen das Sozialen Diensts generiert werden, dass eingezogenes Eigentum zurück gegeben werden muss. Ein:e Nutzer:in des Sozialdienstes soll die Rückgabe bestätigen können.",Nein,,,3,5,0,0,,4,,
P-SD-EG,A-SD-EG-05,,X,X,"A-SD-EG-05: Wird durch den Wachdienst oder den Sozialdienst eingezogenes Eigentum zurückgegeben, soll über die in A-SYS-VD-02 beschriebene Vordruck-Funktion ein entsprechender Beleg erstellt werden können.",Nein,,,2,3,0,0,,2,,
P-SD-EG,A-SD-EG-06,,X,X,"A-SD-EG-06: Wird durch den Wachdienst oder den Sozialdienst eingezogenes Eigentum zurückgegeben, soll der bisherige Eintrag unter Angabe des Rückgabedatums auf erledigt gesetzt werden.",Nein,,,2,3,0,0,,2,,
P-SD-AE,A-SD-AE-01,X (ungetestet),"X (Test, Korrektur, Erweiterung)",X,"A-SD-AE-01: Während der Durchführung der Anwesenheitserfassung muss das Asylverwaltungsprogramm den Nutzer:innen ermöglichen, An- und Abwesenheiten von Bewohner:innen im Programm zu erfassen.",X,,,10,15,10,15,,3,,
P-SD-AE,A-SD-AE-02,X (ungetestet),"X (Test, Korrektur, Erweiterung)",X,A-SD-AE-02: Das Asylverwaltungsprogramm soll die Anwesenheitserfassung per Knopfdruck auf einem mobilen Endgerät (z.B. Tablett) ermöglichen.,Nein,,,0,0,0,0,,,,
P-SD-AE,A-SD-AE-03,X (ungetestet),"X (Test, Korrektur, Erweiterung)",X,"A-SD-AE-03: Wird für ein:e Bewohner:in die Abwesenheit erfasst, muss durch den Erfasser der Abwesenheit der Grund für die Abwesenheit erfasst werden können.",X,,,0,0,0,0,,,,
P-SD-AE,A-SD-AE-04,X (ungetestet),"X (Test, Korrektur, Erweiterung)",X,"A-SD-AE-04: Als mögliche Gründe für die Abwesenheit eines/einer Bewohnerin soll aus folgender Liste ausgewählt werden können: ""Kirchenasyl"", „Jugendhilfe"", „Haft"", „Verlassenserlaubnis"", „Frauenhaus"", „Krankenhausaufenthalt"". Weiterhin soll ein Freitext-Feld zur Verfügung stehen.",Teilweise,Es gibt keine Freitextfelder nur vorgefertigte Werte,Muss repariert werden. Nachbearbeitung der Rundgangliste ist noch nicht da - Drinnen lassen und reparieren ,0,0,0,0,,,,
P-SD-AE,A-SD-AE-05,X (ungetestet),"X (Test, Korrektur, Erweiterung)",X,"A-SD-AE-05: Liegt keine Begründung vor, warum die Bewohner:in abwesend ist, soll abschließend der Status ""Ohne Grund"" eingetragen werden können.",Nein,,,0,0,0,0,,,,
P-SD-AE,A-SD-AE-19,X (ungetestet),"X (Test, Korrektur, Erweiterung)",X,"A-SD-AE-19: Während der Anwesenheitserfassung soll durch das Asylverwaltungsprogramm angezeigt werden, wann ein:e Bewohner:in entweder zuletzt in einem Prozess im Asylverwaltungsprogramm erfasst wurde (gleichgültig ob durch Scannen des Bewohner:innen-Ausweises oder durch manuelle Auswahl, vgl. A-SYS-BA-03). Dies schließt die Erfassung bei früheren Anwesenheits-Erfassungen mit ein.",Teilweise,,,0,0,0,0,,,,
P-SD-AE,A-SD-AE-09,X (ungetestet),"X (Test, Korrektur, Erweiterung)",X,"A-SD-AE-09: Im Asylverwaltungsprogramm muss ein:e Bewohner:in mit dem Status „abgängig"" eingestuft werden können. Dieser Status muss durch Nutzer:innen manuell gesetzt werden können.",X,,,0,0,0,0,,,,
P-SD-AE,A-SD-AE-10,X (ungetestet),"X (Test, Korrektur, Erweiterung)",X,"A-SD-AE-10: Im Asylverwaltungsprogramm soll sich ein Zeitraum definieren lassen, ab dem der Status „abgängig"" automatisch erteilt wird.",Nein,,,0,0,0,0,,,,
P-SD-AE,A-SD-AE-11,X (ungetestet),"X (Test, Korrektur, Erweiterung)",X,"A-SD-AE-11: Wird eine Bewohner:in während dieses Zeitraums durchgängig mit dem Grund „ohne Grund"", „Haft"" oder „Kirchenasyl"" bei der Anwesenheitserfassung erfasst und wurde der/die Bewohner:in auch durch keinen anderen Prozess im Asylverwaltungsprogramm erfasst (gleichgültig ob durch Scannen des Bewohner:innen-Ausweises oder durch manuelle Auswahl, vgl. A-SYS-BA-03), muss die Person automatisch als abgängig eingestuft werden.",Nein,,,0,0,0,0,,,,
P-SD-AE,A-SD-AE-12,X (ungetestet),"X (Test, Korrektur, Erweiterung)",X,"A-SD-AE-12: Mehrfache Abgängigkeit einer Bewohner:in sollen durch das Asylverwaltungsprogramm automatisch zusammengerechnet und als kumulierter Wert während der Anwesenheitserfassung und in der Übersicht zu dem/der betreffenden Bewohner:in (vgl. A-SYS-BD-01) angezeigt werden. Die Information soll insbesondere für Nutzer:innen des Sozialen Dienstes als auch der Soziale Leistungen (vgl. Abschnitt 4.6 Anforderungen an das Modul „Soziale Leistungen"") einsehbar sein.",Teilweise,,,0,0,0,0,,,,
P-SD-AE,A-SD-AE-14,X (ungetestet),"X (Test, Korrektur, Erweiterung)",X,"A-SD-AE-14: Im Asylverwaltungsprogramm soll bei Bedarf eine Tagesübersicht von Bewohner:innen angezeigt werden können, die an diesem Tag neu als „abgängig"" oder neu nicht mehr als „abgängig"" erfasst wurden (z.B. in Kombination mit allen Bestandsveränderungen). Diese Übersicht soll (gem. A-SYS-BÜ-08) in Form einer .xlsx-Datei exportiert werden können.",X,,,0,0,0,0,,,,
P-SD-AE,A-SD-AE-15,X (ungetestet),"X (Test, Korrektur, Erweiterung)",X,"A-SD-AE-15: Das Asylverwaltungsprogramm soll es ermöglichen, Rundganglisten zu erstellen. Das sind Bewohner:innen-Übersichten (vgl. A-SYS-BÜ-01 und Folgende) in denen Bewohner:innen-Einträge einer AfA anhand der Reihenfolge der Zimmer angeordnet sind.",X,,,0,0,0,0,,,,
P-SD-AE,A-SD-AE-16,X (ungetestet),"X (Test, Korrektur, Erweiterung)",X,A-SD-AE-16: Die Rundgangliste sollen sich auf mobilen Endgeräten (Android und iOS) anzeigen und ausfüllen lassen.,Nein,,,0,0,0,0,,,,
P-SD-AE,A-SD-AE-17,X (ungetestet),"X (Test, Korrektur, Erweiterung)",X,"A-SD-AE-17: Während des Rundgangs werden Notizen zu Gesprächen mit Bewohner:innen festgehalten. Diese müssen unter Benutzung der Freitext-Dokumentations-Funktion (vgl. A-SYS-FD-01 und Folgende) im Asylverwaltungsprogramm festgehalten werden können - entweder direkt während des Rundgangs über ein mobiles Endgerät oder später, indem handschriftliche Notizen eines Rundgangs ohne mobiles Endgerät ins Asylverwaltungsprogramm übertragen werden. Die Erfassung auf dem mobilen Endgerät wird der Normalfall sein, während die Erfassung auf Papier als Fallback-Lösung fungiert.",Nein,,,0,0,0,0,,,,
P-SD-AE,A-SD-AE-18,X (ungetestet),"X (Test, Korrektur, Erweiterung)",X,"A-SD-AE-18: Während des Rundgangs wird der Zustand einzelner Räume erfasst, insbesondere Reparatur-Bedarfe. Diese sollen unter Benutzung der entsprechenden Funktion des Liegenschaftsmanagements (vgl. A-SD-LM-17) im Asylverwaltungsprogramm festgehalten werden können - entweder direkt während des Rundgangs über ein mobiles Endgerät oder später, indem handschriftliche Notizen eines Rundgangs ohne mobiles Endgerät ins Asylverwaltungsprogramm übertragen werden.",Nein,,,0,0,0,0,,,,
P-SD-SM,A-SD-SM-01,X,,X,"A-SD-SM-01: Im Asylverwaltungsprogramm müssen durch Nutzer:innen mit entsprechenden Rechten verschiedene Artikel (Jeans, Jacke, Kochgeschirr, Medikament) angelegt werden können. Zu einem Artikel werden Artikelnummer, Beschreibung, Kosten, Leih-Gegenstand (ja/nein) erfasst.",Nein,,,0,0,0,0,,,,
P-SD-SM,A-SD-SM-02,X,,X,A-SD-SM-02: Die im Asylverwaltungsprogramm angelegten Artikel sollen mit Barcodes assoziiert werden können.,Nein,,,0,0,0,0,,,,
P-SD-SM,A-SD-SM-03,X,,X,A-SD-SM-03: Die Erfassung des ausgegebenen Artikels soll per Barcode-Scanner oder durch manuelle Auswahl erfolgen können.,Nein,,,0,0,0,0,,,,
P-SD-SM,A-SD-SM-04,X,,X,A-SD-SM-04: Das Asylverwaltungsprogramm soll mit allen gängigen Barcodescannern zusammenarbeiten.,Nein,,,0,0,0,0,,,,
P-SD-SM,A-SD-SM-06,X,,X,"A-SD-SM-06: Das Asylverwaltungsprogramm solle die Mitarbeitenden in den Prozessen P-AU-LP im Kapitel 4.2.6 und P-AU-VP im Kapitel 4.2.4 darauf hinweisen, wenn für eine Bewohner:in abzusehen ist, dass diese die AfA verlässt (Verlegung, Verteilung).",Nein,,,2,3,0,0,,4,,
P-SD-SM,A-SD-SM-07,X,,X,"A-SD-SM-07: Verlässt eine Bewohner:in die AfA, soll eine Meldung generiert werden, dass ausgegebene Leih-Gegenstände, welche auf dem Sachmittelkonto (vgl. A-SD-SM-13) gelistet sind, zurück gegeben werden müssen.",Nein,,,2,3,0,0,,4,,
P-SD-SM,A-SD-SM-08,X,,X,"A-SD-SM-08: Bei Rückgabe der ausgegebenen Leih-Gegenstände soll die Belastung auf dem Sachmittelkonto (vgl. A-SD-SM-13) ausgetragen werden. In der Leistungsakte (vgl. Abschnitt 4.1.15 Leistungsakte) soll der entsprechende Posten fortan mit dem Wert 0,00€ geführt werden.",Nein,,,5,8,0,0,,6,,
P-SD-SM,A-SD-SM-09,,X,X,A-SD-SM-09: Für jede:n Bewohner:in muss eine Leistungsakte erstellt werden.,Teilweise,In Asyl4Win muss es sich zusammengebastelt werden. ,"Vorgesehen war das ""Knöpfchen"" ",5,8,5,8,,3,,
P-SD-SM,A-SD-SM-10,,X,X,A-SD-SM-10: In der Leistungsakte erfasste Taschengeldzahlungen (vgl. P-SL-EA) sollen gesondert angezeigt und ausgewertet werden können (Taschengeldkonto).,Teilweise,Kann momentan gesonder erstellt werden und eigneltich Teil von SM-09,Muss rein,3,5,3,5,,2,,
P-SL-ED,A-SL-ED-01,,,X,"A-SL-ED-01: Wird eine Einmalzahlung durch die Bewohner:in zur (teilweisen) Begleichung eines bestehenden finanziellen Anspruchs (insbesondere Pfand-Forderungen oder Schadensersatzforderung) durchgeführt, muss sich dies im Asylverwaltungsprogramm erfassen lassen.",X,,,2,3,2,3,,3,,
P-SL-ED,A-SL-ED-04,,,\,A-SL-ED-04: Die Nutzer:in soll mit Hilfe der Vordruckfunktion (vgl. A-SYS-VD-02) im Asylverwaltungsprogramm eine Quittung für die geleisteten Zahlungen erstellen können.,Nein,Doch ja wegen der Mail vom 28.04.2026 09:59 von Dr. Bruch 1.) Punkt,,0,0,2,3,,,,
P-SL-PH,A-SL-PH-01,,,"X
(nur ganze Pfandzahlungen)","A-SL-PH-01: Es muss möglich sein, im Asylverwaltungsprogramm noch zu leistende Pfand-(Teil-)Zahlungen zu erfassen. Dabei sollen Pfandhöhe, Identität der/des Bewohner:in, Datum, Sachbearbeiter:in/Nutzer:in und Beschreibung des Pfandgegenstands erfasst werden.",Teilweise,Keine Teilbeträge ,Ohne Teilbeträge umsetzen ,3,5,3,5,,1,,
P-SL-PH,A-SL-PH-03,,,"X
(nur ganze Pfandzahlungen)",A-SL-PH-03: Die Bewohner:in soll das geforderte Pfand in Form einer Einmalzahlung über den Prozess A-SL-ED im Kapitel 4.6.8 begleichen können.,Teilweise,Keine Teilbeträge ,Ohne Teilbeträge umsetzen ,2,3,2,3,,1,,
P-SL-PZ,A-SL-PZ-01,,,X,A-SL-PZ-01: Die Pfand-Rückzahlung durch die AfA an eine Bewohner:in soll sich über das Asylverwaltungsprogramm durchführen lassen.,X,,,2,3,2,3,,2,,
P-SL-KA,A-SL-KA-01,,minimal,X,"A-SL-KA-01: Im Asylverwaltungsprogramm muss pro Tag ein oder mehrere Tagesabschlüsse für verschiedene Kassen sowie ein Gesamttagesabschluss erstellt werden können. Aus dem Tagesabschluss muss das Datum, die AfA, die Bezeichnung/Id der Kasse, der Kassenbestand Beginn, der Ist-Kassenbestand Ende, die Summe der Einzahlungen, die Summe der Auszahlungen, der Nutzer:innen-Name, der Kassenbestandsnachweis (Detaillierte Zusammensetzung des Kassen-Ist-Bestands), Jede Ein-/Auszahlung (Journal/Zeitbuch)",Teilweise,Asyl4Win bildet nicht die kompletten Anforderungen ab. Ist-Kassenbestand fehlt.,Im Anhang wurde eine Tagesabschlussliste geliefert ,8,10,3,5,,6,Ist kein Tagesabschluss sonder eine Transaktionsliste ,Beispieldatei erhalten 
P-SL-KA,A-SL-KA-02,,minimal,X,A-SL-KA-02: Im Asylverwaltungsprogramm muss der IST-Bestand der Kasse beim Tagesabschluss erfasst werden können.,Nein,,,2,3,2,3,,2,,
P-SL-KA,A-SL-KA-03,,minimal,X,"A-SL-KA-03: Den verschiedenen Buchungsarten (Taschengeld, Arbeitsentgelt, etc.) muss basierend auf dem Stammdatenmanagement (vgl. P-SL-SM) je ein Titel zugeordnet werden, der im Tagesabschluss mit ausgegeben wird.",Teilweise,Buchungstitel nicht in Asyl4Win,Siehe Zeile 76,2,3,2,3,,4,,
P-SL-KA,A-SL-KA-11,,minimal,X,A-SL-KA-11: Alle bisherigen Tagesabschlüsse sollen im Asylverwaltungsprogramm gespeichert (Historisierung) werden und lassen sich jederzeit aufrufen.,X,,,3,5,3,5,,3,,
P-SL-KA,A-SL-KA-12,,,X,A-SL-KA-12: Der Tagesabschluss soll sich mit Hilfe der Vordruckfunktion (A-SYS-VD-02) exportieren lassen.,X,,,2,3,2,3,,2,,
P-SL-KA,A-SL-KA-13,,,X,A-SL-KA-13: Im Asylverwaltungsprogramm soll ein Monatskontoauszug zu allen Ein- und Auszahlungen aufgeschlüsselt nach Leistungsarten und Auszahlungsdatum erstellt werden können.,Teilweise,,"Alle in Amis erfassten Ein- und Auszahlungen mit ""Von - Bis Daten"" ausgeben ",3,5,2,3,,2,,
P-SL-KA,A-SL-KA-14,,,X,A-SL-KA-14: Im Asylverwaltungsprogramm soll ein Jahreskontoauszug zu allen Ein- und Auszahlungen aufgeschlüsselt nach Leistungsarten und Auszahlungsdatum erstellt werden können.,Teilweise,,,3,5,2,3,,2,,
P-SL-KA,A-SL-KA-15,,,X,"A-SL-KA-15: Alle getätigten Buchungen sollen sich nach Personen, Beträgen und Zeiträumen durch Such- und Selektionsfunktionen geschlossen oder getrennt auswerten lassen.",Teilweise,,Tabelle muss definiert werden zwischen Personenbeträgen und Zeiträumen und um welche Art der Leistung es sich handelt. Dann kann man das Filtern. ,10,15,5,8,,5,,
P-SL-KA,A-SL-KA-16,,,X,"A-SL-KA-16: Alle Tagesabschlüsse, Monats- und Jahreskontoauszüge sollen sich in eine .xlsx konvertieren lassen.",X,,,3,5,3,5,,3,,
P-SL-KA,A-SL-KA-17,,,X,"A-SL-KA-17: Alle Tagesabschlüsse, Monats- und Jahreskontoauszüge sollen sich in eine .pdf konvertieren lassen.",X,,,3,5,3,5,,3,,
G-SL-BK,A-SL-BK-01,,X,X,"A-SL-BK-01: Zu jedem/jeder Bewohner:in müssen die Informationen zu der zugehörigen Bezahlkarte hinterlegt werden, insbesondere die der Karte zugeordnete IBAN.",Teilweise,Bezahlkarte also kein Bestandteil Asyl4Win ,"Zumindest die Beträge, welche über die Bezahlkarte ausgezahlt werden müssen bei der entsprechenden Person erfasst werden.(Auswahl ob Bar oder über die Karte + Kartennummer) Nachweis bei der Karte wäre die erfolgreiche Überweisung pro Auszahlung - hochladen beim Bewohner. Angewiesene Auszahlungen gelten solange als bestätigt bis das Gegenteil vermerkt wird. Vorlage CSV Export für in einen Zeitraum X getätigte Auszahlungen ",2,3,2,3,,2,,
